20230922-M,20230922-E,20230922-CD,20230707-M,20230707-E,20230707-CD,20230312-M,20230312-E,20230312-CD,20230306-M,20230306-E,20230306-CD
701.0,448.0,432.0,402.0,71.9,138.0,91.0,250.00000000000003,1300.0,91.0,254.0,1260.0
336.0,300.0,93.2,256.0,173.0,270.0,190.0,250.00000000000003,180.0,191.0,245.99999999999997,176.0
287.0,284.0,571.0,130.0,121.99999999999999,157.0,160.0,960.0,97.0,157.0,956.0,97.3
332.0,362.0,353.0,394.0,134.0,118.0,210.0,130.0,160.0,207.0,133.0,161.0
659.0,155.0,281.0,195.0,61.6,63.60000000000001,120.0,220.0,340.0,120.0,220.0,337.0
280.0,311.0,74.1,93.60000000000001,79.5,212.0,290.0,130.0,560.0,288.0,127.0,561.0
304.0,278.0,78.1,226.0,75.0,209.0,290.0,240.0,940.0000000000001,295.0,236.0,943.0
173.0,361.0,240.0,206.0,89.7,137.0,49.0,1900.0,560.0,48.9,1940.0,561.0
183.0,401.0,466.00000000000006,88.80000000000001,134.0,163.0,230.0,220.0,840.0,230.0,222.0,840.0
153.0,704.0,162.0,56.199999999999996,88.0,105.0,310.0,59.0,590.0,312.0,59.099999999999994,587.0
137.0,468.00000000000006,64.9,23.9,33.400000000000006,66.89999999999999,290.0,740.0,1200.0,479.0,740.0,1180.0
61.3,280.0,364.0,160.0,149.0,89.89999999999999,130.0,140.0,480.0,291.0,142.0,478.0
32.300000000000004,408.0,158.0,130.0,140.0,113.0,160.0,240.0,280.0,128.0,239.0,284.0
28.4,278.0,85.89999999999999,125.00000000000001,37.5,121.0,100.0,75.0,740.0,157.0,75.3,738.0
96.0,223.0,45.300000000000004,135.0,80.5,105.0,110.0,390.0,890.0,99.9,395.0,894.0
101.0,531.0,346.0,55.0,114.0,553.0,110.0,110.0,640.0,106.0,112.0,644.0
95.8,420.0,385.0,57.1,96.89999999999999,144.0,130.0,150.0,120.0,112.0,155.0,121.0
37.800000000000004,472.0,261.0,87.8,38.5,106.0,510.0,84.0,270.0,135.0,83.5,273.0
128.0,303.0,212.0,109.0,133.0,122.99999999999999,160.0,180.0,1300.0,509.0,179.0,1340.0
88.0,229.0,137.0,118.0,69.0,135.0,130.0,790.0,840.0,165.0,787.0,837.0
216.0,209.0,77.80000000000001,48.3,53.900000000000006,111.0,120.0,120.0,240.0,130.0,118.0,236.0
62.2,512.0,103.0,45.300000000000004,79.5,121.99999999999999,120.0,120.0,180.0,117.00000000000001,121.0,183.0
95.7,570.0,164.0,140.0,64.10000000000001,78.2,38.0,270.0,630.0,120.0,270.0,628.0
23.8,168.0,45.5,45.8,47.7,81.5,67.0,290.0,950.0,38.4,293.0,946.9999999999999
66.2,208.0,77.5,12.0,173.0,57.2,110.0,94.0,180.0,66.6,93.7,177.0
98.7,301.0,191.0,65.0,31.000000000000004,142.0,230.0,120.0,489.99999999999994,113.0,118.0,492.99999999999994
53.0,553.0,79.3,56.599999999999994,151.0,175.0,130.0,110.0,1100.0,180.0,109.0,1140.0
43.199999999999996,369.0,139.0,90.0,121.0,62.800000000000004,130.0,130.0,750.0,234.00000000000003,133.0,749.0
30.9,293.0,161.0,53.3,81.1,85.5,33.0,1200.0,740.0,126.0,1230.0,738.0
33.1,346.0,239.0,52.800000000000004,55.2,59.0,95.0,170.0,92.0,133.0,173.0,92.2
41.8,324.0,320.0,109.0,64.60000000000001,44.0,92.0,190.0,730.0,32.8,187.0,727.0
51.6,213.0,158.0,41.4,44.800000000000004,71.69999999999999,47.0,140.0,200.0,94.60000000000001,137.0,202.0
52.199999999999996,125.00000000000001,57.699999999999996,70.8,31.1,140.0,100.0,220.0,90.0,92.3,216.0,89.5
33.9,690.0,204.0,121.0,18.8,161.0,130.0,210.0,1100.0,46.5,213.0,1080.0
267.0,378.0,59.5,85.8,211.0,208.0,150.0,170.0,85.0,92.0,165.0,85.0
188.0,137.0,285.0,48.1,30.4,145.0,82.0,160.0,560.0,104.0,163.0,563.0
274.0,223.0,54.599999999999994,101.0,124.00000000000001,221.0,160.0,110.0,489.99999999999994,131.0,108.0,486.0
,97.10000000000001,144.0,38.900000000000006,94.9,205.0,130.0,150.0,140.0,146.0,152.0,143.0
,206.0,51.900000000000006,47.7,84.8,47.099999999999994,170.0,350.0,1200.0,81.80000000000001,354.0,1160.0
,774.0,288.0,487.0,108.0,76.2,33.0,100.0,750.0,159.0,105.0,751.0
,199.0,57.699999999999996,134.0,59.5,57.8,140.0,110.0,230.0,132.0,107.0,233.00000000000003
,127.0,225.0,18.0,156.0,58.4,87.0,160.0,150.0,174.0,162.0,153.0
,43.7,121.99999999999999,71.10000000000001,21.4,63.099999999999994,120.0,140.0,1100.0,32.6,143.0,1090.0
,278.0,33.1,92.80000000000001,72.10000000000001,268.0,160.0,130.0,320.0,142.0,126.0,319.0
,80.7,175.0,106.0,70.39999999999999,104.0,200.0,130.0,710.0,87.4,134.0,711.0
,78.7,41.199999999999996,35.5,63.4,85.1,66.0,140.0,1100.0,115.0,143.0,1110.0
,122.99999999999999,167.0,36.099999999999994,76.5,145.0,120.0,130.0,760.0,162.0,131.0,763.0
,173.0,65.6,86.0,31.299999999999997,45.2,53.0,150.0,260.0,204.0,155.0,255.0
,71.60000000000001,55.4,152.0,36.6,94.19999999999999,120.0,180.0,510.0,65.8,184.0,507.0
,120.0,60.5,57.6,23.0,73.1,120.0,70.0,1200.0,121.0,70.1,1190.0
,189.0,118.0,153.0,44.400000000000006,22.9,38.0,230.0,130.0,52.6,227.0,132.0
,209.0,112.0,76.2,41.5,34.0,110.0,200.0,2000.0000000000002,120.0,204.0,1959.9999999999998
,68.9,139.0,18.3,28.4,146.0,36.0,110.0,979.9999999999999,118.0,108.0,975.9999999999999
,240.0,44.800000000000004,46.800000000000004,55.8,173.0,120.0,160.0,420.0,37.7,158.0,425.0
,453.0,91.3,152.0,41.4,138.0,60.99999999999999,140.0,130.0,113.0,142.0,134.0
,165.0,55.699999999999996,140.0,20.7,52.5,150.0,160.0,740.0,36.099999999999994,162.0,739.0
,71.2,29.7,126.0,35.4,47.0,140.0,230.0,740.0,121.99999999999999,230.0,737.0
,34.5,115.0,68.10000000000001,91.3,71.10000000000001,37.0,200.0,290.0,60.8,195.0,290.0
,87.6,99.3,37.6,58.599999999999994,47.9,110.0,64.0,96.0,145.0,63.699999999999996,96.2
,81.89999999999999,284.0,37.9,38.6,195.0,96.0,53.0,72.0,135.0,53.2,72.19999999999999
,60.5,712.0,103.0,62.7,122.99999999999999,56.0,160.0,210.0,37.4,161.0,207.0
,83.0,272.0,83.6,75.5,43.4,39.0,160.0,500.00000000000006,112.0,142.0,503.0
,78.89999999999999,42.9,28.2,60.199999999999996,39.0,120.0,110.0,570.0,96.39999999999999,160.0,568.0
,135.0,44.800000000000004,16.1,63.89999999999999,51.7,230.0,170.0,1400.0,55.5,111.0,1400.0
,241.0,89.8,107.0,38.900000000000006,146.0,110.0,310.0,640.0,39.0,169.0,636.0
,61.3,54.9,50.6,109.0,46.800000000000004,40.0,100.0,230.0,116.0,312.0,231.0
,136.0,50.1,34.0,33.6,193.0,110.0,91.0,330.0,228.0,103.0,328.0
,15.2,62.50000000000001,25.7,,64.8,80.0,190.0,540.0,114.0,90.69999999999999,536.0
,38.900000000000006,360.0,67.3,,61.9,82.0,120.0,680.0,40.4,189.0,682.0
,224.0,45.1,56.5,,51.4,28.0,140.0,260.0,112.0,117.00000000000001,263.0
,144.0,77.1,7.81,,47.0,57.0,110.0,140.0,80.2,139.0,141.0
,205.0,72.0,30.0,,35.800000000000004,110.0,65.0,1100.0,82.10000000000001,112.0,1110.0
,245.99999999999997,140.0,180.0,,71.10000000000001,150.0,60.99999999999999,820.0,28.099999999999998,65.4,823.0
,86.69999999999999,49.6,83.6,,75.5,58.0,40.0,830.0,57.4,60.8,826.0
,197.0,83.0,60.99999999999999,,60.6,130.0,160.0,420.0,113.0,39.800000000000004,418.0
,41.300000000000004,32.099999999999994,49.3,,17.8,160.0,70.0,63.0,147.0,163.0,63.199999999999996
,543.0,140.0,46.3,,34.0,24.0,120.0,380.0,58.3,69.5,384.0
,259.0,63.5,52.199999999999996,,164.0,150.0,34.0,830.0,130.0,125.00000000000001,826.0
,215.0,47.9,168.0,,122.99999999999999,99.0,82.0,450.0,162.0,33.699999999999996,453.0
,73.80000000000001,449.0,38.4,,50.199999999999996,25.0,150.0,460.0,24.0,82.10000000000001,462.0
,109.0,39.599999999999994,70.6,,87.10000000000001,260.0,32.0,770.0,148.0,154.0,766.0
,244.99999999999997,81.39999999999999,42.2,,75.10000000000001,120.0,1200.0,280.0,99.0,31.599999999999998,283.0
,460.0,62.3,33.6,,72.6,48.0,250.00000000000003,1100.0,25.5,1230.0,1100.0
,98.5,58.3,24.0,,37.4,150.0,52.0,170.0,259.0,245.99999999999997,171.0
,118.0,48.5,35.9,,23.0,38.0,64.0,190.0,122.99999999999999,52.300000000000004,193.0
,651.0,45.4,85.0,,48.400000000000006,180.0,140.0,800.0,47.5,63.800000000000004,797.0
,62.2,58.800000000000004,179.0,,100.0,75.0,150.0,82.0,148.0,136.0,81.89999999999999
,93.5,102.0,48.0,,85.1,170.0,110.0,420.0,37.9,149.0,421.0
,115.0,330.0,81.1,,41.5,34.0,170.0,290.0,183.0,111.0,289.0
,39.1,102.0,42.699999999999996,,132.0,110.0,82.0,95.0,74.7,173.0,94.5
,193.0,69.6,446.0,,55.9,130.0,47.0,470.00000000000006,170.0,82.2,470.00000000000006
,473.0,47.300000000000004,58.599999999999994,,132.0,140.0,240.0,360.0,34.4,46.5,362.0
,203.0,173.0,33.6,,80.3,59.0,540.0,850.0,111.0,237.0,850.0
,78.8,67.39999999999999,72.4,,74.5,30.0,59.0,41.0,128.0,539.0,41.199999999999996
,78.89999999999999,76.7,,,25.8,100.0,81.0,350.0,136.0,58.50000000000001,350.0
,48.1,46.2,,,102.0,35.0,170.0,570.0,58.50000000000001,80.7,568.0
,69.7,39.5,,,17.5,84.0,59.0,200.0,30.4,174.0,204.0
,65.8,139.0,,,62.4,250.00000000000003,28.0,690.0,102.0,58.50000000000001,692.0
,64.3,85.7,,,32.9,130.0,380.0,810.0,34.7,28.4,814.0
,121.99999999999999,277.0,,,62.4,150.0,140.0,35.0,83.8,382.0,35.3
,29.900000000000002,77.6,,,72.6,160.0,300.0,400.0,244.99999999999997,138.0,398.0
,42.9,46.400000000000006,,,57.9,59.0,70.0,890.0,135.0,300.0,887.0
,263.0,357.0,,,105.0,310.0,19.0,36.0,153.0,69.8,36.2
,39.199999999999996,117.00000000000001,,,16.599999999999998,26.0,120.0,33.0,163.0,19.0,32.7
,293.0,54.0,,,133.0,98.0,90.0,460.0,58.7,116.0,459.0
,84.0,40.8,,,70.39999999999999,94.0,120.0,360.0,308.0,89.89999999999999,365.0
,41.8,87.7,,,97.5,150.0,180.0,33.0,26.2,115.0,32.5
,242.0,187.0,,,81.80000000000001,370.0,100.0,530.0,98.10000000000001,176.0,534.0
,95.6,77.80000000000001,,,101.0,160.0,130.0,1000.0000000000001,94.19999999999999,101.0,1040.0
,21.5,41.7,,,41.1,130.0,95.0,230.0,152.0,132.0,232.0
,199.0,160.0,,,59.60000000000001,130.0,48.0,960.0,367.0,94.9,963.0000000000001
,148.0,73.1,,,127.0,220.0,150.0,63.0,164.0,47.6,62.7
,25.7,36.099999999999994,,,220.0,,190.0,300.0,134.0,148.0,302.0
,83.19999999999999,88.3,,,40.3,,70.0,870.0,129.0,194.0,870.0
,225.0,101.0,,,65.2,,87.0,100.0,219.0,69.8,105.0
,525.0,35.9,,,72.7,,59.0,780.0,,87.10000000000001,784.0
,73.0,56.1,,,63.300000000000004,,160.0,190.0,,58.7,186.0
,241.0,88.3,,,24.5,,94.0,98.0,,160.0,98.10000000000001
,98.8,74.39999999999999,,,42.1,,53.0,45.0,,94.10000000000001,44.800000000000004
,53.900000000000006,29.7,,,48.9,,180.0,59.0,,52.9,58.800000000000004
,116.0,36.900000000000006,,,28.9,,49.0,260.0,,178.0,258.0
,160.0,243.0,,,118.0,,49.0,540.0,,48.5,539.0
,117.00000000000001,344.0,,,30.8,,77.0,180.0,,49.099999999999994,181.0
,203.0,124.00000000000001,,,61.2,,79.0,56.0,,76.8,56.199999999999996
,35.9,45.4,,,35.9,,170.0,240.0,,78.60000000000001,237.0
,212.0,96.80000000000001,,,28.0,,200.0,44.0,,174.0,43.9
,171.0,30.499999999999996,,,135.0,,26.0,80.0,,203.0,79.9
,62.800000000000004,63.4,,,72.7,,45.0,60.0,,26.3,60.400000000000006
,164.0,39.1,,,50.0,,37.0,46.0,,45.4,46.0
,105.0,33.0,,,25.400000000000002,,110.0,570.0,,37.300000000000004,568.0
,22.1,240.0,,,72.9,,140.0,23.0,,113.0,23.400000000000002
,82.5,57.6,,,36.7,,30.0,489.99999999999994,,136.0,493.99999999999994
,70.30000000000001,40.4,,,52.1,,140.0,420.0,,29.6,423.0
,17.3,115.0,,,140.0,,26.0,550.0,,137.0,550.0
,634.0,38.2,,,47.9,,88.0,300.0,,25.9,296.0
,28.299999999999997,89.8,,,52.4,,180.0,26.0,,87.8,26.2
,94.5,75.3,,,117.00000000000001,,250.00000000000003,55.0,,184.0,55.0
,61.3,62.099999999999994,,,52.4,,150.0,540.0,,252.0,544.0
,65.5,31.000000000000004,,,175.0,,85.0,700.0,,149.0,699.0
,120.0,92.0,,,47.2,,85.0,360.0,,85.30000000000001,357.0
,54.4,76.3,,,56.9,,58.0,580.0,,85.2,581.0
,131.0,99.8,,,53.0,,82.0,720.0,,58.3,720.0
,67.10000000000001,147.0,,,46.3,,220.0,1200.0,,82.39999999999999,1170.0
,28.5,54.4,,,60.300000000000004,,120.0,72.0,,218.0,72.4
,83.19999999999999,57.5,,,88.4,,79.0,570.0,,122.99999999999999,567.0
,186.0,67.3,,,36.4,,73.0,100.0,,79.0,100.0
,29.900000000000002,32.2,,,27.5,,140.0,110.0,,73.1,110.0
,33.699999999999996,102.0,,,82.9,,130.0,370.0,,138.0,373.0
,30.0,36.2,,,65.0,,86.0,520.0,,133.0,521.0
,735.0,103.0,,,26.0,,30.0,28.0,,85.7,28.099999999999998
,31.5,484.0,,,51.7,,120.0,110.0,,29.6,107.0
,89.5,52.199999999999996,,,53.5,,120.0,340.0,,122.99999999999999,340.0
,136.0,141.0,,,207.0,,140.0,510.0,,121.99999999999999,505.0
,140.0,87.9,,,41.4,,160.0,20.0,,144.0,20.1
,92.4,59.89999999999999,,,38.8,,250.00000000000003,40.0,,157.0,40.1
,132.0,77.6,,,70.8,,140.0,170.0,,253.0,173.0
,64.60000000000001,42.699999999999996,,,27.0,,120.0,650.0,,143.0,647.0
,109.0,57.699999999999996,,,27.2,,110.0,400.0,,122.99999999999999,402.0
,155.0,31.800000000000004,,,36.3,,23.0,12.0,,115.0,12.3
,582.0,43.1,,,70.2,,24.0,380.0,,22.7,377.0
,109.0,31.299999999999997,,,17.3,,41.0,170.0,,24.3,169.0
,26.3,60.1,,,113.0,,30.0,990.0000000000001,,40.8,987.9999999999999
,26.7,78.1,,,49.2,,210.0,130.0,,30.200000000000003,125.00000000000001
,40.6,62.7,,,32.5,,71.0,160.0,,211.0,157.0
,66.0,45.2,,,36.3,,130.0,330.0,,71.39999999999999,331.0
,135.0,52.199999999999996,,,49.3,,100.0,520.0,,125.00000000000001,341.0
,44.3,100.0,,,28.2,,47.0,160.0,,102.0,519.0
,723.0,49.8,,,68.5,,89.0,450.0,,46.9,157.0
,103.0,85.1,,,30.3,,19.0,460.0,,88.7,453.0
,170.0,51.1,,,64.0,,52.0,19.0,,19.1,460.0
,55.0,49.3,,,74.39999999999999,,62.00000000000001,29.0,,52.4,18.7
,69.2,72.9,,,103.0,,67.0,450.0,,61.8,28.5
,36.5,221.0,,,29.400000000000002,,170.0,59.0,,67.5,450.0
,136.0,72.8,,,113.0,,31.000000000000004,45.0,,168.0,58.9
,320.0,224.0,,,206.0,,140.0,32.0,,31.1,45.1
,113.0,74.60000000000001,,,96.39999999999999,,36.0,780.0,,142.0,32.2
,516.0,131.0,,,35.6,,42.0,52.0,,36.0,777.0
,51.8,71.0,,,168.0,,27.0,36.0,,42.0,51.8
,37.9,94.5,,,32.9,,100.0,190.0,,27.099999999999998,35.800000000000004
,72.7,90.69999999999999,,,160.0,,50.0,18.0,,104.0,190.0
,119.0,96.0,,,78.3,,68.0,52.0,,50.3,17.599999999999998
,751.0,60.199999999999996,,,42.9,,41.0,35.0,,67.7,51.6
,97.2,37.1,,,74.30000000000001,,12.0,340.0,,40.900000000000006,34.7
,134.0,57.8,,,30.200000000000003,,68.0,270.0,,12.4,338.0
,45.5,46.9,,,47.300000000000004,,49.0,130.0,,68.10000000000001,269.0
,128.0,57.4,,,31.800000000000004,,69.0,48.0,,49.099999999999994,128.0
,137.0,69.6,,,103.0,,62.00000000000001,280.0,,69.2,48.5
,55.0,77.80000000000001,,,22.3,,54.0,250.00000000000003,,61.6,280.0
,40.699999999999996,211.0,,,37.0,,42.0,450.0,,54.300000000000004,255.0
,23.5,94.3,,,63.0,,260.0,190.0,,42.2,446.0
,241.0,61.3,,,67.2,,31.000000000000004,1000.0000000000001,,263.0,192.0
,43.0,62.00000000000001,,,79.19999999999999,,100.0,73.0,,30.700000000000003,1000.0000000000001
,71.10000000000001,52.5,,,85.89999999999999,,63.0,600.0,,104.0,72.7
,109.0,59.60000000000001,,,35.199999999999996,,54.0,64.0,,62.7,600.0
,51.3,69.3,,,86.0,,71.0,63.0,,54.300000000000004,64.3
,17.5,59.0,,,129.0,,37.0,880.0,,71.39999999999999,63.099999999999994
,130.0,44.2,,,47.4,,1300.0,580.0,,36.900000000000006,881.0
,99.7,36.5,,,264.0,,57.0,49.0,,1310.0,579.0
,29.2,28.099999999999998,,,86.9,,130.0,97.0,,57.2,48.5
,150.0,65.3,,,136.0,,57.0,28.0,,129.0,96.80000000000001
,67.5,46.2,,,52.4,,130.0,390.0,,57.5,28.099999999999998
,120.0,45.5,,,47.2,,130.0,500.00000000000006,,126.0,386.0
,24.8,35.0,,,55.2,,170.0,18.0,,131.0,502.0
,97.7,72.8,,,67.7,,16.0,350.0,,170.0,18.4
,145.0,63.5,,,64.10000000000001,,37.0,84.0,,16.3,347.0
,47.6,46.1,,,65.5,,40.0,460.0,,36.5,84.3
,88.80000000000001,61.8,,,70.39999999999999,,450.0,73.0,,39.599999999999994,461.0
,70.0,63.300000000000004,,,63.60000000000001,,39.0,43.0,,447.0,73.1
,73.6,43.9,,,40.4,,92.0,37.0,,39.199999999999996,43.300000000000004
,163.0,114.0,,,209.0,,140.0,489.99999999999994,,91.9,37.0
,27.400000000000002,28.8,,,51.5,,42.0,540.0,,136.0,485.0
,47.0,91.3,,,30.3,,55.0,260.0,,41.8,544.0
,161.0,56.199999999999996,,,226.0,,240.0,240.0,,54.7,262.0
,133.0,75.10000000000001,,,55.0,,46.0,350.0,,235.00000000000003,236.0
,180.0,42.2,,,32.5,,56.0,100.0,,45.5,348.0
,523.0,81.6,,,36.4,,210.0,59.0,,55.5,100.0
,113.0,125.00000000000001,,,148.0,,180.0,320.0,,209.0,58.7
,54.4,53.6,,,19.3,,170.0,39.0,,182.0,321.0
,276.0,28.7,,,96.1,,38.0,820.0,,171.0,38.900000000000006
,43.599999999999994,21.7,,,141.0,,110.0,500.00000000000006,,38.2,821.0
,30.8,50.800000000000004,,,102.0,,60.99999999999999,510.0,,106.0,495.00000000000006
,93.89999999999999,51.1,,,77.4,,26.0,500.00000000000006,,61.3,512.0
,304.0,33.0,,,62.9,,180.0,1200.0,,26.0,496.00000000000006
,49.3,40.699999999999996,,,62.800000000000004,,180.0,220.0,,182.0,1180.0
,77.6,149.0,,,38.4,,320.0,170.0,,178.0,217.0
,68.4,63.099999999999994,,,64.69999999999999,,32.0,200.0,,322.0,170.0
,178.0,41.8,,,54.0,,43.0,41.0,,32.2,199.0
,121.0,31.000000000000004,,,51.1,,81.0,60.0,,43.300000000000004,40.8
,67.9,58.9,,,39.199999999999996,,890.0,900.0,,81.30000000000001,59.5
,26.0,60.199999999999996,,,23.8,,780.0,68.0,,886.0,898.0
,54.5,31.900000000000002,,,60.1,,160.0,60.0,,778.0,68.0
,316.0,37.7,,,93.3,,33.0,23.0,,157.0,59.89999999999999
,181.0,84.0,,,50.800000000000004,,41.0,33.0,,32.6,23.200000000000003
,45.6,49.8,,,83.3,,26.0,480.0,,41.4,33.3
,58.0,68.3,,,77.7,,21.0,150.0,,25.7,484.0
,143.0,263.0,,,71.8,,170.0,280.0,,20.5,146.0
,44.6,50.4,,,51.8,,180.0,31.000000000000004,,173.0,275.0
,81.30000000000001,30.3,,,69.4,,49.0,630.0,,178.0,30.8
,88.0,43.599999999999994,,,173.0,,160.0,530.0,,48.699999999999996,625.0
,179.0,82.5,,,119.0,,32.0,460.0,,164.0,533.0
,139.0,60.6,,,18.900000000000002,,43.0,37.0,,32.2,459.0
,29.099999999999998,89.1,,,59.800000000000004,,190.0,54.0,,42.699999999999996,37.1
,96.2,36.2,,,26.400000000000002,,110.0,190.0,,189.0,54.0
,133.0,480.0,,,28.9,,150.0,220.0,,107.0,185.0
,568.0,58.1,,,61.9,,76.0,110.0,,150.0,217.0
,110.0,40.3,,,105.0,,100.0,86.0,,76.3,112.0
,45.2,57.3,,,21.7,,70.0,530.0,,103.0,86.3
,38.900000000000006,31.800000000000004,,,54.9,,120.0,450.0,,70.0,528.0
,60.0,43.7,,,60.5,,300.0,35.0,,121.0,446.0
,92.0,53.8,,,57.3,,35.0,90.0,,297.0,34.7
,50.0,149.0,,,14.1,,240.0,600.0,,35.4,89.5
,17.5,61.7,,,24.400000000000002,,43.0,57.0,,243.99999999999997,600.0
,25.9,,,,44.400000000000006,,170.0,540.0,,42.9,56.599999999999994
,63.60000000000001,,,,60.1,,150.0,420.0,,173.0,543.0
,28.0,,,,63.199999999999996,,29.0,780.0,,153.0,420.0
,39.800000000000004,,,,30.6,,98.0,60.99999999999999,,29.299999999999997,781.0
,40.1,,,,94.3,,79.0,830.0,,97.9,60.8
,280.0,,,,24.200000000000003,,150.0,100.0,,79.5,830.0
,28.299999999999997,,,,96.6,,260.0,44.0,,155.0,101.0
,42.4,,,,25.2,,170.0,520.0,,255.0,43.599999999999994
,64.69999999999999,,,,48.6,,55.0,55.0,,174.0,519.0
,97.8,,,,47.6,,150.0,570.0,,54.599999999999994,55.1
,39.300000000000004,,,,18.7,,38.0,39.0,,146.0,572.0
,73.4,,,,77.5,,320.0,46.0,,38.3,38.8
,32.099999999999994,,,,64.8,,170.0,300.0,,324.0,46.3
,92.2,,,,9.92,,97.0,200.0,,172.0,297.0
,141.0,,,,30.499999999999996,,28.0,380.0,,96.6,204.0
,128.0,,,,28.0,,150.0,33.0,,27.8,378.0
,77.0,,,,70.2,,170.0,240.0,,150.0,33.3
,54.4,,,,25.6,,150.0,40.0,,172.0,242.0
,148.0,,,,98.4,,98.0,79.0,,151.0,40.5
,68.9,,,,31.1,,37.0,35.0,,97.60000000000001,79.4
,53.4,,,,21.3,,26.0,44.0,,36.6,35.1
,28.8,,,,171.0,,34.0,110.0,,25.9,43.599999999999994
,37.0,,,,81.39999999999999,,250.00000000000003,45.0,,33.800000000000004,106.0
,63.4,,,,70.30000000000001,,110.0,43.0,,244.99999999999997,45.4
,78.89999999999999,,,,,,67.0,140.0,,105.0,42.699999999999996
,84.4,,,,,,42.0,390.0,,67.10000000000001,138.0
,113.0,,,,,,22.0,220.0,,41.5,392.0
,318.0,,,,,,71.0,43.0,,21.799999999999997,222.0
,44.5,,,,,,37.0,190.0,,71.3,43.4
,102.0,,,,,,34.0,380.0,,37.199999999999996,187.0
,68.5,,,,,,150.0,55.0,,33.800000000000004,383.0
,38.8,,,,,,17.0,270.0,,149.0,54.7
,35.800000000000004,,,,,,110.0,310.0,,17.1,269.0
,58.50000000000001,,,,,,52.0,150.0,,114.0,305.0
,65.8,,,,,,280.0,600.0,,52.300000000000004,154.0
,120.0,,,,,,220.0,140.0,,277.0,598.0
,21.9,,,,,,38.0,26.0,,217.0,136.0
,118.0,,,,,,190.0,7.6,,38.1,26.400000000000002
,131.0,,,,,,170.0,56.0,,188.0,7.6
,41.599999999999994,,,,,,180.0,210.0,,173.0,56.300000000000004
,74.89999999999999,,,,,,97.0,33.0,,181.0,211.0
,39.800000000000004,,,,,,230.0,190.0,,96.7,32.8
,302.0,,,,,,130.0,340.0,,229.0,195.0
,165.0,,,,,,,110.0,,128.0,335.0
,83.6,,,,,,,41.0,,,114.0
,116.0,,,,,,,430.0,,,41.4
,148.0,,,,,,,120.0,,,433.0
,209.0,,,,,,,220.0,,,121.99999999999999
,11.3,,,,,,,16.0,,,217.0
,275.0,,,,,,,56.0,,,16.1
,204.0,,,,,,,310.0,,,55.8
,124.00000000000001,,,,,,,57.0,,,305.0
,14.900000000000002,,,,,,,610.0,,,56.7
,41.8,,,,,,,180.0,,,606.0
,867.0,,,,,,,77.0,,,179.0
,81.2,,,,,,,93.0,,,76.6
,52.9,,,,,,,460.0,,,92.80000000000001
,27.0,,,,,,,450.0,,,458.0
,46.3,,,,,,,170.0,,,448.0
,43.7,,,,,,,160.0,,,168.0
,39.9,,,,,,,160.0,,,157.0
,278.0,,,,,,,16.0,,,160.0
,33.400000000000006,,,,,,,570.0,,,16.5
,83.10000000000001,,,,,,,44.0,,,566.0
,89.8,,,,,,,57.0,,,44.400000000000006
,24.7,,,,,,,50.0,,,56.599999999999994
,34.5,,,,,,,350.0,,,50.1
,38.8,,,,,,,250.00000000000003,,,354.0
,195.0,,,,,,,18.0,,,249.00000000000003
,60.6,,,,,,,240.0,,,18.4
,27.0,,,,,,,45.0,,,236.0
,170.0,,,,,,,170.0,,,44.800000000000004
,40.1,,,,,,,180.0,,,167.0
,79.0,,,,,,,660.0,,,179.0
,40.8,,,,,,,190.0,,,664.0
,35.5,,,,,,,27.0,,,189.0
,22.9,,,,,,,270.0,,,27.2
,29.0,,,,,,,99.0,,,269.0
,37.9,,,,,,,390.0,,,99.4
,62.099999999999994,,,,,,,570.0,,,390.0
,54.599999999999994,,,,,,,220.0,,,565.0
,36.4,,,,,,,41.0,,,223.0
,66.5,,,,,,,55.0,,,41.0
,160.0,,,,,,,790.0,,,54.9
,66.30000000000001,,,,,,,110.0,,,793.0
,132.0,,,,,,,670.0,,,112.0
,51.7,,,,,,,790.0,,,674.0
,82.10000000000001,,,,,,,140.0,,,789.0
,159.0,,,,,,,110.0,,,143.0
,31.000000000000004,,,,,,,440.0,,,111.0
,36.2,,,,,,,150.0,,,435.0
,23.7,,,,,,,580.0,,,146.0
,212.0,,,,,,,630.0,,,578.0
,373.0,,,,,,,43.0,,,628.0
,120.0,,,,,,,1400.0,,,43.0
,47.7,,,,,,,790.0,,,1370.0
,30.6,,,,,,,420.0,,,794.0
,29.2,,,,,,,2100.0,,,417.0
,35.699999999999996,,,,,,,280.0,,,2130.0
,88.2,,,,,,,72.0,,,279.0
,107.0,,,,,,,48.0,,,72.10000000000001
,219.0,,,,,,,,,,48.3
,113.0,,,,,,,,,,
,28.299999999999997,,,,,,,,,,
,265.0,,,,,,,,,,
,37.300000000000004,,,,,,,,,,
,79.4,,,,,,,,,,
,89.2,,,,,,,,,,
,39.4,,,,,,,,,,
,106.0,,,,,,,,,,
,35.3,,,,,,,,,,
,33.0,,,,,,,,,,
,170.0,,,,,,,,,,
,102.0,,,,,,,,,,
,213.0,,,,,,,,,,
,84.8,,,,,,,,,,
,137.0,,,,,,,,,,
,25.0,,,,,,,,,,
,63.099999999999994,,,,,,,,,,
,393.0,,,,,,,,,,
,117.00000000000001,,,,,,,,,,
,42.2,,,,,,,,,,
,43.9,,,,,,,,,,
,149.0,,,,,,,,,,
,23.5,,,,,,,,,,
,36.099999999999994,,,,,,,,,,
,83.5,,,,,,,,,,
,39.9,,,,,,,,,,
,36.099999999999994,,,,,,,,,,
,261.0,,,,,,,,,,
,53.5,,,,,,,,,,
,108.0,,,,,,,,,,
,121.99999999999999,,,,,,,,,,
,19.900000000000002,,,,,,,,,,
,86.10000000000001,,,,,,,,,,
,62.800000000000004,,,,,,,,,,
,29.400000000000002,,,,,,,,,,
,37.1,,,,,,,,,,
,28.7,,,,,,,,,,
,125.00000000000001,,,,,,,,,,
,33.800000000000004,,,,,,,,,,
,425.0,,,,,,,,,,
,180.0,,,,,,,,,,
,24.3,,,,,,,,,,
,441.0,,,,,,,,,,
,688.0,,,,,,,,,,
,22.6,,,,,,,,,,
,48.800000000000004,,,,,,,,,,
,55.699999999999996,,,,,,,,,,
,70.30000000000001,,,,,,,,,,
,149.0,,,,,,,,,,
,107.0,,,,,,,,,,
,157.0,,,,,,,,,,
,22.9,,,,,,,,,,
,35.699999999999996,,,,,,,,,,
,48.5,,,,,,,,,,
,21.599999999999998,,,,,,,,,,
,52.1,,,,,,,,,,
,84.6,,,,,,,,,,
,44.5,,,,,,,,,,
,166.0,,,,,,,,,,
,67.5,,,,,,,,,,
,47.4,,,,,,,,,,
,59.2,,,,,,,,,,
,133.0,,,,,,,,,,
,56.4,,,,,,,,,,
,281.0,,,,,,,,,,
,80.6,,,,,,,,,,
,80.2,,,,,,,,,,
,112.0,,,,,,,,,,
,88.80000000000001,,,,,,,,,,
,51.0,,,,,,,,,,
,30.200000000000003,,,,,,,,,,
,130.0,,,,,,,,,,
,203.0,,,,,,,,,,
,255.0,,,,,,,,,,
,31.599999999999998,,,,,,,,,,
,65.7,,,,,,,,,,
,9.17,,,,,,,,,,
,42.0,,,,,,,,,,
,245.99999999999997,,,,,,,,,,
,52.7,,,,,,,,,,
,31.5,,,,,,,,,,
,117.00000000000001,,,,,,,,,,
,86.3,,,,,,,,,,
