Filename	Position Index	X Position	Y Position	Baseline Offset [N]	Baseline Slope [N/m]	Contact Point Offset [m]	Adhesion [N]	Minimum Value [N]	Minimum Position [m]	Filter Group	Area [J]	Lower Bound [m]	Upper Bound [m]	Fitted Segment Count
force-save-2023.07.02-15.43.43.889.jpk-force	0	-5.40000e-06	-5.40000e-06	9.59991e-10	-1.18981e-05	7.99090e-06	2.33546e-11	-2.33546e-11	2.85452e-06	0	2.17625e-19	2.65153e-06	2.69163e-06	0
force-save-2023.07.02-15.43.55.831.jpk-force	0	-5.40000e-06	-5.40000e-06	9.71722e-10	-1.82297e-05	7.92836e-06	2.94069e-11	-2.94069e-11	1.08025e-06	0	2.03777e-18	2.93449e-06	3.14957e-06	0
force-save-2023.07.02-15.44.02.712.jpk-force	0	-5.40000e-06	-5.40000e-06	8.51253e-10	-1.03201e-05	7.92422e-06	2.61638e-11	-2.61638e-11	2.65661e-06	0	5.98791e-19	1.81707e-06	1.88807e-06	0
force-save-2023.07.02-15.44.09.575.jpk-force	0	-5.40000e-06	-5.40000e-06	8.47540e-10	-1.41778e-05	7.87399e-06	3.02570e-11	-3.02570e-11	3.77090e-06	0	1.75054e-18	3.69342e-06	3.86195e-06	0
force-save-2023.07.02-15.44.16.464.jpk-force	0	-5.40000e-06	-5.40000e-06	8.21552e-10	-1.60338e-05	7.94878e-06	3.03532e-11	-3.03532e-11	4.09551e-06	0	9.17377e-19	4.00497e-06	4.09551e-06	0
force-save-2023.07.02-15.45.11.487.jpk-force	2	-3.00000e-06	-5.40000e-06	4.35171e-10	-1.58751e-05	7.94584e-06	3.02381e-11	-3.02381e-11	5.89338e-07	0	1.39566e-18	5.49372e-07	6.69024e-07	0
force-save-2023.07.02-15.45.18.312.jpk-force	2	-3.00000e-06	-5.40000e-06	3.38281e-10	-1.07550e-05	7.93098e-06	1.73551e-10	-1.73551e-10	7.55417e-07	0	2.78036e-17	2.49259e-07	7.68635e-07	1
force-save-2023.07.02-15.45.25.367.jpk-force	2	-3.00000e-06	-5.40000e-06	3.56499e-10	-1.66346e-05	7.94243e-06	3.37297e-11	-3.37297e-11	1.53494e-06	0	5.39327e-19	3.69011e-06	3.76407e-06	0
force-save-2023.07.02-15.45.28.919.jpk-force	3	-1.80000e-06	-5.40000e-06	2.83634e-10	-1.43521e-05	7.99229e-06	2.71412e-11	-2.71412e-11	6.30559e-07	0	3.10769e-19	9.55225e-07	9.91803e-07	0
force-save-2023.07.02-15.46.20.681.jpk-force	4	-6.00000e-07	-5.40000e-06	-2.57795e-11	-1.71541e-05	7.72685e-06	2.61615e-11	-2.61615e-11	8.97046e-07	0	9.51318e-19	3.34767e-06	3.45787e-06	0
force-save-2023.07.02-15.46.48.311.jpk-force	5	6.00000e-07	-5.40000e-06	-2.55979e-10	-1.12660e-05	7.45530e-06	2.65033e-11	-2.65033e-11	2.41487e-06	0	9.12345e-19	2.40783e-06	2.48929e-06	0
force-save-2023.07.02-15.46.55.202.jpk-force	5	6.00000e-07	-5.40000e-06	-2.79739e-10	-1.22883e-05	7.37167e-06	2.64165e-11	-2.64165e-11	3.29579e-07	0	2.37633e-19	3.77411e-06	3.82148e-06	0
force-save-2023.07.02-15.47.02.094.jpk-force	5	6.00000e-07	-5.40000e-06	-3.24675e-10	-1.28791e-05	7.40185e-06	2.63708e-11	-2.63708e-11	2.98029e-07	1	5.53229e-19	1.70601e-06	1.77838e-06	0
force-save-2023.07.02-15.47.08.989.jpk-force	5	6.00000e-07	-5.40000e-06	-3.55647e-10	-1.54144e-05	7.32476e-06	2.77906e-11	-2.77906e-11	3.41890e-06	0	1.44313e-18	3.29650e-06	3.45705e-06	0
force-save-2023.07.02-15.47.12.553.jpk-force	6	1.80000e-06	-5.40000e-06	-4.00045e-10	-1.56813e-05	7.31324e-06	2.59304e-11	-2.59304e-11	2.30463e-06	0	4.31233e-19	2.70905e-06	2.77157e-06	0
force-save-2023.07.02-15.47.22.795.jpk-force	6	1.80000e-06	-5.40000e-06	-4.45364e-10	-1.50924e-05	7.29052e-06	3.25673e-11	-3.25673e-11	5.59650e-07	0	2.07900e-18	3.51329e-06	3.73539e-06	0
force-save-2023.07.02-15.47.29.681.jpk-force	6	1.80000e-06	-5.40000e-06	-5.28903e-10	-1.15464e-05	7.31487e-06	2.88894e-11	-2.88894e-11	2.32664e-06	0	1.53888e-18	2.26222e-06	2.42683e-06	0
force-save-2023.07.02-15.47.36.607.jpk-force	6	1.80000e-06	-5.40000e-06	-5.38807e-10	-1.52899e-05	7.20615e-06	2.83062e-10	-2.83062e-10	3.58290e-06	0	9.04750e-17	2.38187e-06	3.59526e-06	2
force-save-2023.07.02-15.47.57.272.jpk-force	7	3.00000e-06	-5.40000e-06	-7.22006e-10	-9.86480e-06	7.05218e-06	3.09483e-11	-3.09483e-11	1.61478e-06	0	9.17364e-19	2.24435e-06	2.35667e-06	0
force-save-2023.07.02-15.48.11.023.jpk-force	7	3.00000e-06	-5.40000e-06	-7.79550e-10	-1.24506e-05	6.99782e-06	2.91623e-11	-2.91623e-11	4.53167e-07	0	3.41267e-19	1.10207e-06	1.13987e-06	0
force-save-2023.07.02-15.48.17.889.jpk-force	7	3.00000e-06	-5.40000e-06	-8.69522e-10	-8.62555e-06	6.83723e-06	1.08669e-10	-1.08669e-10	4.11277e-08	1	1.90076e-18	1.36319e-09	4.73217e-08	1
force-save-2023.07.02-15.48.21.457.jpk-force	8	4.20000e-06	-5.40000e-06	-7.06011e-10	-2.91053e-05	7.01429e-06	2.66538e-10	-2.66538e-10	2.79316e-06	0	2.18466e-16	6.82386e-08	3.18122e-06	4
force-save-2023.07.02-15.48.31.616.jpk-force	8	4.20000e-06	-5.40000e-06	-9.28331e-10	-1.14701e-05	7.24929e-06	2.07278e-10	-2.07278e-10	3.44856e-06	0	1.01325e-16	2.27094e-06	3.46262e-06	2
force-save-2023.07.02-15.48.45.366.jpk-force	8	4.20000e-06	-5.40000e-06	-9.07572e-10	-2.09250e-05	7.11157e-06	4.02779e-11	-4.02779e-11	4.72220e-07	0	3.38813e-18	3.64184e-07	5.93330e-07	0
force-save-2023.07.02-15.48.52.263.jpk-force	8	4.20000e-06	-5.40000e-06	-1.03547e-09	-1.25142e-05	7.08706e-06	3.07093e-11	-3.07093e-11	5.25441e-07	0	1.43879e-18	1.21209e-06	1.35076e-06	0
force-save-2023.07.02-15.48.55.832.jpk-force	9	5.40000e-06	-5.40000e-06	-1.06695e-09	-1.37854e-05	7.36922e-06	2.69527e-11	-2.69527e-11	1.71056e-06	0	1.44566e-18	1.60034e-06	1.75366e-06	0
force-save-2023.07.02-15.49.05.840.jpk-force	9	5.40000e-06	-5.40000e-06	-1.04545e-09	-1.97776e-05	7.20922e-06	7.17406e-11	-7.17406e-11	7.57895e-07	0	9.25292e-18	4.69788e-07	7.65619e-07	1
force-save-2023.07.02-15.49.12.733.jpk-force	9	5.40000e-06	-5.40000e-06	-1.09144e-09	-1.85994e-05	7.21147e-06	3.40966e-11	-3.40966e-11	2.69629e-07	1	1.24727e-18	8.00211e-07	9.24024e-07	0
force-save-2023.07.02-15.49.26.499.jpk-force	9	5.40000e-06	-5.40000e-06	-1.16540e-09	-1.98974e-05	7.23446e-06	4.86266e-11	-4.86266e-11	4.33320e-06	0	5.58647e-18	4.03789e-06	4.33320e-06	0
force-save-2023.07.02-15.49.30.056.jpk-force	10	5.40000e-06	-4.20000e-06	-1.25289e-09	-1.41718e-05	7.70480e-06	1.20664e-10	-1.20664e-10	4.12720e-06	0	5.70531e-17	3.18303e-06	4.42616e-06	1
force-save-2023.07.02-15.49.39.986.jpk-force	10	5.40000e-06	-4.20000e-06	-1.27352e-09	-1.63091e-05	7.69386e-06	3.84622e-11	-3.84622e-11	4.09459e-06	0	5.52643e-18	3.86789e-06	4.17133e-06	0
force-save-2023.07.02-15.49.46.877.jpk-force	10	5.40000e-06	-4.20000e-06	-1.32212e-09	-1.65946e-05	7.69068e-06	3.26302e-11	-3.26302e-11	4.22715e-07	0	1.99675e-18	3.41275e-07	4.97641e-07	0
force-save-2023.07.02-15.49.53.759.jpk-force	10	5.40000e-06	-4.20000e-06	-1.40003e-09	-1.30330e-05	7.68800e-06	2.98942e-11	-2.98942e-11	7.32514e-07	0	1.34088e-18	4.57560e-07	6.13360e-07	0
force-save-2023.07.02-15.50.00.636.jpk-force	10	5.40000e-06	-4.20000e-06	-1.42286e-09	-1.44902e-05	7.75298e-06	2.93399e-11	-2.93399e-11	3.63120e-06	0	2.01906e-18	3.57779e-06	3.76063e-06	0
force-save-2023.07.02-15.50.14.519.jpk-force	11	4.20000e-06	-4.20000e-06	-1.50706e-09	-1.48590e-05	7.72508e-06	3.87580e-10	-3.87580e-10	3.76691e-06	0	2.59327e-16	1.96725e-06	3.79382e-06	1
force-save-2023.07.02-15.50.34.320.jpk-force	11	4.20000e-06	-4.20000e-06	-1.64826e-09	-1.35339e-05	7.71276e-06	2.93366e-11	-2.93366e-11	3.06959e-06	0	1.44405e-18	3.89223e-06	4.04787e-06	0
force-save-2023.07.02-15.50.37.877.jpk-force	12	3.00000e-06	-4.20000e-06	-1.69816e-09	-1.35664e-05	7.66588e-06	2.87984e-11	-2.87984e-11	2.36615e-06	0	4.63456e-19	3.87798e-07	4.38274e-07	0
force-save-2023.07.02-15.50.48.148.jpk-force	12	3.00000e-06	-4.20000e-06	-1.72817e-09	-1.67747e-05	7.59651e-06	3.45896e-11	-3.45896e-11	4.57205e-07	0	1.02755e-18	4.07979e-07	4.84390e-07	0
force-save-2023.07.02-15.50.54.985.jpk-force	12	3.00000e-06	-4.20000e-06	-1.76170e-09	-1.70990e-05	7.63128e-06	1.47462e-10	-1.47462e-10	-3.16294e-09	1	1.42896e-18	7.40485e-07	8.63574e-07	0
force-save-2023.07.02-15.51.01.905.jpk-force	12	3.00000e-06	-4.20000e-06	-1.86312e-09	-1.14567e-05	7.73308e-06	6.45406e-11	-6.45406e-11	3.75111e-06	0	1.77999e-18	8.10738e-07	9.61037e-07	1
force-save-2023.07.02-15.51.08.754.jpk-force	12	3.00000e-06	-4.20000e-06	-1.92788e-09	-6.59956e-06	7.43231e-06	4.68895e-11	-4.68895e-11	2.14381e-08	1	9.94980e-19	3.47431e-06	3.58755e-06	1
force-save-2023.07.02-15.51.12.328.jpk-force	13	1.80000e-06	-4.20000e-06	-1.89390e-09	-1.30727e-05	7.72921e-06	3.07401e-11	-3.07401e-11	3.90640e-06	0	1.12644e-18	3.88817e-06	4.00112e-06	0
force-save-2023.07.02-15.51.22.632.jpk-force	13	1.80000e-06	-4.20000e-06	-1.92150e-09	-1.75391e-05	7.59388e-06	3.32713e-11	-3.32713e-11	3.60008e-07	0	6.57998e-19	2.87384e-06	2.95128e-06	0
force-save-2023.07.02-15.51.29.517.jpk-force	13	1.80000e-06	-4.20000e-06	-2.01889e-09	-1.15066e-05	7.64449e-06	3.11325e-11	-3.11325e-11	3.59541e-07	0	9.71872e-19	7.10055e-07	8.07454e-07	0
force-save-2023.07.02-15.51.36.414.jpk-force	13	1.80000e-06	-4.20000e-06	-2.05826e-09	-1.16208e-05	7.51138e-06	3.47863e-11	-3.47863e-11	6.75593e-07	0	2.17981e-18	6.20353e-07	7.89867e-07	0
force-save-2023.07.02-15.51.46.847.jpk-force	14	6.00000e-07	-4.20000e-06	-2.11159e-09	-1.31273e-05	7.50494e-06	3.36029e-11	-3.36029e-11	7.88522e-07	0	5.57405e-19	3.96120e-07	4.58754e-07	0
force-save-2023.07.02-15.51.57.011.jpk-force	14	6.00000e-07	-4.20000e-06	-2.09543e-09	-1.80755e-05	7.43354e-06	8.40860e-11	-8.40860e-11	3.86146e-07	0	9.54782e-18	1.63255e-07	4.12787e-07	1
force-save-2023.07.02-15.52.03.905.jpk-force	14	6.00000e-07	-4.20000e-06	-2.19346e-09	-1.53736e-05	7.32835e-06	1.36509e-10	-1.36509e-10	1.19868e-06	0	8.14717e-17	1.78121e-07	1.34416e-06	1
force-save-2023.07.02-15.52.38.189.jpk-force	15	-6.00000e-07	-4.20000e-06	-2.37461e-09	-1.58246e-05	7.54956e-06	3.89785e-11	-3.89785e-11	4.07086e-07	0	1.36417e-18	9.90769e-07	1.11620e-06	0
force-save-2023.07.02-15.52.51.804.jpk-force	15	-6.00000e-07	-4.20000e-06	-2.48043e-09	-1.41960e-05	7.98639e-06	3.72285e-11	-3.72285e-11	1.76956e-07	1	8.86952e-19	1.35389e-07	1.94132e-07	0
force-save-2023.07.02-15.52.55.358.jpk-force	16	-1.80000e-06	-4.20000e-06	-2.51784e-09	-1.32195e-05	8.21621e-06	2.80689e-11	-2.80689e-11	9.02933e-07	0	8.74505e-19	2.10469e-06	2.20854e-06	0
force-save-2023.07.02-15.53.05.299.jpk-force	16	-1.80000e-06	-4.20000e-06	-2.55304e-09	-1.36701e-05	8.54712e-06	3.17110e-11	-3.17110e-11	7.92822e-07	0	1.48502e-18	7.22213e-07	8.41834e-07	0
force-save-2023.07.02-15.53.12.164.jpk-force	16	-1.80000e-06	-4.20000e-06	-2.54672e-09	-1.72192e-05	8.48209e-06	3.01373e-11	-3.01373e-11	3.71248e-06	0	1.17426e-18	3.62886e-06	3.75322e-06	0
force-save-2023.07.02-15.53.18.995.jpk-force	16	-1.80000e-06	-4.20000e-06	-2.61867e-09	-1.40071e-05	8.60783e-06	2.55589e-11	-2.55589e-11	2.89954e-06	0	2.87021e-19	3.05220e-06	3.09970e-06	0
force-save-2023.07.02-15.53.25.850.jpk-force	16	-1.80000e-06	-4.20000e-06	-2.62656e-09	-1.68927e-05	8.57479e-06	1.81746e-10	-1.81746e-10	1.40789e-06	0	6.62128e-17	4.65605e-07	1.44372e-06	1
force-save-2023.07.02-15.53.53.075.jpk-force	17	-3.00000e-06	-4.20000e-06	-2.79103e-09	-1.28337e-05	9.46564e-06	3.39676e-11	-3.39676e-11	4.74663e-07	0	3.31787e-19	4.47235e-07	4.78728e-07	0
force-save-2023.07.02-15.53.59.937.jpk-force	17	-3.00000e-06	-4.20000e-06	-2.80061e-09	-1.67569e-05	9.48940e-06	2.87899e-11	-2.87899e-11	1.11166e-06	0	1.00266e-18	1.02378e-06	1.12746e-06	0
force-save-2023.07.02-15.54.03.488.jpk-force	18	-4.20000e-06	-4.20000e-06	-2.86761e-09	-1.54257e-05	9.87613e-06	3.37098e-11	-3.37098e-11	4.09124e-07	0	1.01066e-18	3.62709e-07	4.55844e-07	0
force-save-2023.07.02-15.54.27.041.jpk-force	18	-4.20000e-06	-4.20000e-06	-2.91633e-09	-1.83627e-05	1.00432e-05	3.19531e-11	-3.19531e-11	2.49259e-07	1	1.22894e-18	1.87383e-07	2.85989e-07	0
force-save-2023.07.02-15.54.33.911.jpk-force	18	-4.20000e-06	-4.20000e-06	-2.96563e-09	-1.70708e-05	1.00977e-05	2.61305e-11	-2.61305e-11	1.51827e-06	0	1.42336e-18	3.80968e-06	3.97083e-06	0
force-save-2023.07.02-15.54.37.462.jpk-force	19	-5.40000e-06	-4.20000e-06	-3.05044e-09	-1.30969e-05	1.03093e-05	4.18470e-11	-4.18470e-11	3.77860e-07	0	3.55204e-18	1.41649e-07	3.86112e-07	0
force-save-2023.07.02-15.54.47.544.jpk-force	19	-5.40000e-06	-4.20000e-06	-3.05023e-09	-1.62018e-05	1.02675e-05	3.16554e-11	-3.16554e-11	7.83422e-07	0	1.09226e-18	3.59958e-07	4.54571e-07	0
force-save-2023.07.02-15.54.54.408.jpk-force	19	-5.40000e-06	-4.20000e-06	-3.16394e-09	-9.91570e-06	1.03308e-05	2.47714e-11	-2.47714e-11	2.60169e-06	0	5.54331e-19	3.98248e-06	4.06609e-06	0
force-save-2023.07.02-15.55.01.282.jpk-force	19	-5.40000e-06	-4.20000e-06	-3.13656e-09	-1.52291e-05	1.03551e-05	4.09803e-11	-4.09803e-11	3.62319e-07	0	9.68507e-19	2.99346e-07	3.78765e-07	0
force-save-2023.07.02-15.55.08.138.jpk-force	19	-5.40000e-06	-4.20000e-06	-3.19444e-09	-1.30239e-05	1.03522e-05	5.09347e-11	-5.09347e-11	5.45363e-07	0	5.60361e-18	3.19667e-07	5.56340e-07	0
force-save-2023.07.02-15.55.11.693.jpk-force	20	-5.40000e-06	-3.00000e-06	-3.21538e-09	-1.53108e-05	1.01938e-05	1.04534e-10	-1.04534e-10	1.47123e-06	0	7.05166e-17	1.54064e-07	1.49292e-06	1
force-save-2023.07.02-15.55.35.753.jpk-force	20	-5.40000e-06	-3.00000e-06	-3.34091e-09	-1.82335e-05	1.01750e-05	3.78210e-11	-3.78210e-11	6.24338e-07	0	2.72878e-18	2.94123e-07	5.07583e-07	0
force-save-2023.07.02-15.55.56.495.jpk-force	21	-4.20000e-06	-3.00000e-06	-3.44847e-09	-1.37641e-05	1.01522e-05	3.28778e-11	-3.28778e-11	7.56063e-07	0	1.59165e-18	4.38248e-07	5.59803e-07	0
force-save-2023.07.02-15.56.03.372.jpk-force	21	-4.20000e-06	-3.00000e-06	-3.50841e-09	-1.20274e-05	1.03029e-05	2.91756e-11	-2.91756e-11	2.90638e-06	0	1.14167e-18	3.34067e-06	3.45799e-06	0
force-save-2023.07.02-15.56.20.662.jpk-force	22	-3.00000e-06	-3.00000e-06	-3.61194e-09	-1.33461e-05	1.00245e-05	3.03745e-11	-3.03745e-11	2.22078e-06	0	8.27162e-19	2.16681e-06	2.22402e-06	0
force-save-2023.07.02-15.56.31.035.jpk-force	22	-3.00000e-06	-3.00000e-06	-3.64920e-09	-1.21948e-05	9.97842e-06	3.16266e-11	-3.16266e-11	1.10943e-06	0	1.40682e-18	1.01094e-06	1.14198e-06	0
force-save-2023.07.02-15.56.37.926.jpk-force	22	-3.00000e-06	-3.00000e-06	-3.64776e-09	-1.52459e-05	1.00138e-05	2.99035e-11	-2.99035e-11	9.63541e-07	0	8.14298e-19	4.03400e-06	4.12715e-06	0
force-save-2023.07.02-15.57.05.553.jpk-force	23	-1.80000e-06	-3.00000e-06	-3.79465e-09	-1.41805e-05	9.66060e-06	7.10150e-11	-7.10150e-11	9.43132e-07	0	7.28989e-18	7.49062e-07	9.84515e-07	1
force-save-2023.07.02-15.57.12.431.jpk-force	23	-1.80000e-06	-3.00000e-06	-3.91651e-09	-9.70387e-06	9.89754e-06	5.52330e-11	-5.52330e-11	4.14837e-07	0	3.36834e-18	2.94899e-07	4.28931e-07	1
force-save-2023.07.02-15.57.39.963.jpk-force	24	-6.00000e-07	-3.00000e-06	-4.03801e-09	-1.22650e-05	9.69291e-06	2.81416e-11	-2.81416e-11	2.19450e-06	0	9.78865e-19	4.13415e-06	4.24945e-06	0
force-save-2023.07.02-15.57.46.843.jpk-force	24	-6.00000e-07	-3.00000e-06	-4.13951e-09	-6.80242e-06	9.91045e-06	3.64433e-11	-3.64433e-11	2.01044e-06	0	2.88851e-18	1.89457e-06	2.13100e-06	0
force-save-2023.07.02-15.58.14.469.jpk-force	25	6.00000e-07	-3.00000e-06	-4.13948e-09	-1.37759e-05	9.55072e-06	4.30117e-11	-4.30117e-11	7.50228e-07	0	3.04436e-18	6.59714e-07	8.19970e-07	0
force-save-2023.07.02-15.58.21.366.jpk-force	25	6.00000e-07	-3.00000e-06	-4.17755e-09	-1.33295e-05	9.45568e-06	6.22023e-11	-6.22023e-11	2.62330e-07	1	2.96188e-18	1.52577e-07	2.70885e-07	2
force-save-2023.07.02-15.58.28.258.jpk-force	25	6.00000e-07	-3.00000e-06	-4.23354e-09	-1.17265e-05	9.48316e-06	2.43708e-11	-2.43708e-11	4.22536e-06	0	5.68093e-19	2.46113e-06	2.53474e-06	0
force-save-2023.07.02-15.58.35.171.jpk-force	25	6.00000e-07	-3.00000e-06	-4.22947e-09	-1.53395e-05	9.40411e-06	2.82369e-11	-2.82369e-11	1.66408e-06	0	6.75094e-19	1.66266e-06	1.74542e-06	0
force-save-2023.07.02-15.58.38.741.jpk-force	26	1.80000e-06	-3.00000e-06	-4.23495e-09	-1.79771e-05	9.15619e-06	4.36871e-11	-4.36871e-11	1.49390e-07	1	8.96227e-19	1.77701e-06	1.86509e-06	0
force-save-2023.07.02-15.58.48.747.jpk-force	26	1.80000e-06	-3.00000e-06	-4.21177e-09	-2.30471e-05	9.61546e-06	1.58603e-10	-1.58603e-10	4.47406e-06	0	4.32540e-17	3.73247e-06	4.48017e-06	1
force-save-2023.07.02-15.58.55.368.jpk-force	26	1.80000e-06	-3.00000e-06	-4.28376e-09	-2.11648e-05	1.00907e-05	3.35460e-11	-3.35460e-11	8.21966e-07	0	1.34346e-18	7.35966e-07	8.55981e-07	0
force-save-2023.07.02-15.59.02.076.jpk-force	26	1.80000e-06	-3.00000e-06	-4.48980e-09	-8.05030e-06	1.04559e-05	4.23648e-11	-4.23648e-11	4.17016e-06	0	6.42455e-18	4.02282e-06	4.37023e-06	0
force-save-2023.07.02-15.59.08.818.jpk-force	26	1.80000e-06	-3.00000e-06	-4.48045e-09	-1.07815e-05	1.07392e-05	8.69493e-11	-8.69493e-11	7.62345e-07	0	5.96975e-18	6.45040e-07	8.61979e-07	1
force-save-2023.07.02-15.59.12.381.jpk-force	27	3.00000e-06	-3.00000e-06	-4.40515e-09	-1.84078e-05	1.06711e-05	1.72547e-10	-1.72547e-10	3.03081e-06	0	3.96289e-17	2.44696e-06	3.07848e-06	1
force-save-2023.07.02-15.59.35.975.jpk-force	27	3.00000e-06	-3.00000e-06	-4.50926e-09	-1.51443e-05	1.11641e-05	3.45870e-11	-3.45870e-11	1.04759e-06	0	1.96869e-18	9.99227e-07	1.13320e-06	0
force-save-2023.07.02-16.01.28.015.jpk-force	28	4.20000e-06	-3.00000e-06	5.02515e-09	-1.28522e-05	7.85567e-06	3.48592e-11	-3.48592e-11	1.30555e-06	0	2.65069e-18	1.10967e-06	1.33213e-06	0
force-save-2023.07.02-16.01.34.887.jpk-force	28	4.20000e-06	-3.00000e-06	5.03451e-09	-1.59174e-05	7.86201e-06	2.55433e-11	-2.55433e-11	2.33546e-06	0	3.78150e-19	3.65610e-06	3.70902e-06	0
force-save-2023.07.02-16.01.46.236.jpk-force	28	4.20000e-06	-3.00000e-06	5.08095e-09	-2.23014e-05	1.19807e-05	2.80204e-11	-2.80204e-11	5.95751e-07	0	5.41557e-19	2.51253e-06	2.59014e-06	0
force-save-2023.07.02-16.01.58.024.jpk-force	29	5.40000e-06	-3.00000e-06	4.97425e-09	-1.84015e-05	1.26132e-05	2.30173e-11	-2.30173e-11	6.81446e-07	0	2.40486e-19	1.67355e-06	1.71933e-06	0
force-save-2023.07.02-16.02.03.846.jpk-force	29	5.40000e-06	-3.00000e-06	4.84142e-09	-1.19376e-05	1.26755e-05	2.51977e-11	-2.51977e-11	2.29241e-06	0	6.84531e-19	2.27316e-06	2.34369e-06	0
force-save-2023.07.02-16.02.15.405.jpk-force	29	5.40000e-06	-3.00000e-06	4.90615e-09	-1.94199e-05	1.27809e-05	2.97526e-11	-2.97526e-11	5.20369e-07	0	1.35451e-18	7.19194e-07	8.32587e-07	0
force-save-2023.07.02-16.02.18.955.jpk-force	30	5.40000e-06	-1.80000e-06	4.82843e-09	-1.62608e-05	1.26321e-05	2.89828e-11	-2.89828e-11	9.25027e-07	0	3.57478e-19	2.69049e-06	2.74663e-06	0
force-save-2023.07.02-16.02.27.331.jpk-force	30	5.40000e-06	-1.80000e-06	4.79571e-09	-1.68547e-05	1.25800e-05	4.53976e-11	-4.53976e-11	5.64387e-08	1	1.58687e-18	1.68093e-08	8.76825e-08	1
force-save-2023.07.02-16.02.33.286.jpk-force	30	5.40000e-06	-1.80000e-06	4.82291e-09	-2.07950e-05	1.26641e-05	2.71677e-11	-2.71677e-11	5.33468e-07	0	4.02294e-19	3.02990e-07	3.48273e-07	0
force-save-2023.07.02-16.02.39.238.jpk-force	30	5.40000e-06	-1.80000e-06	4.73123e-09	-1.73807e-05	1.26815e-05	4.36332e-11	-4.36332e-11	9.12262e-08	1	1.25504e-18	5.17255e-08	1.06935e-07	1
force-save-2023.07.02-16.02.45.179.jpk-force	30	5.40000e-06	-1.80000e-06	4.76228e-09	-2.19431e-05	1.25990e-05	4.21677e-11	-4.21677e-11	1.39026e-07	1	1.35300e-18	7.33879e-08	1.46827e-07	1
force-save-2023.07.02-16.02.48.731.jpk-force	31	4.20000e-06	-1.80000e-06	4.76011e-09	-2.43565e-05	1.27177e-05	1.15870e-10	-1.15870e-10	1.20751e-06	0	8.13068e-17	1.74353e-07	1.26650e-06	1
force-save-2023.07.02-16.02.57.193.jpk-force	31	4.20000e-06	-1.80000e-06	4.52396e-09	-1.18418e-05	1.28690e-05	2.63945e-11	-2.63945e-11	1.41748e-06	0	5.36559e-19	1.65652e-06	1.72972e-06	0
force-save-2023.07.02-16.03.03.186.jpk-force	31	4.20000e-06	-1.80000e-06	4.51708e-09	-1.34820e-05	1.29828e-05	2.41758e-11	-2.41758e-11	1.12917e-06	0	6.99879e-19	2.53882e-06	2.62872e-06	0
force-save-2023.07.02-16.03.09.159.jpk-force	31	4.20000e-06	-1.80000e-06	4.51073e-09	-1.35999e-05	1.30123e-05	2.71551e-11	-2.71551e-11	1.71344e-06	0	1.06918e-18	2.02928e-06	2.12403e-06	0
force-save-2023.07.02-16.03.15.120.jpk-force	31	4.20000e-06	-1.80000e-06	4.52694e-09	-1.53629e-05	1.27906e-05	2.59215e-11	-2.59215e-11	5.92844e-07	0	7.31089e-19	7.85977e-07	8.59576e-07	0
force-save-2023.07.02-16.03.18.673.jpk-force	32	3.00000e-06	-1.80000e-06	4.48190e-09	-1.34338e-05	1.29131e-05	2.99503e-11	-2.99503e-11	6.23614e-07	0	4.62126e-19	5.87983e-07	6.37964e-07	0
force-save-2023.07.02-16.03.32.542.jpk-force	32	3.00000e-06	-1.80000e-06	4.54974e-09	-1.88761e-05	1.30675e-05	2.77499e-11	-2.77499e-11	4.99578e-07	0	1.95975e-19	5.15845e-07	5.47619e-07	0
force-save-2023.07.02-16.03.38.334.jpk-force	32	3.00000e-06	-1.80000e-06	4.45935e-09	-1.25719e-05	1.29766e-05	1.57949e-10	-1.57949e-10	7.69242e-07	0	7.55018e-17	1.38811e-08	1.06014e-06	1
force-save-2023.07.02-16.03.44.117.jpk-force	32	3.00000e-06	-1.80000e-06	4.53334e-09	-1.85984e-05	1.31275e-05	2.75477e-11	-2.75477e-11	6.86610e-07	0	5.98094e-19	6.55975e-07	7.25466e-07	0
force-save-2023.07.02-16.04.00.887.jpk-force	33	1.80000e-06	-1.80000e-06	4.31047e-09	-1.57414e-05	1.33228e-05	2.54761e-11	-2.54761e-11	1.78281e-06	0	3.13028e-19	1.80477e-06	1.84631e-06	0
force-save-2023.07.02-16.04.16.380.jpk-force	33	1.80000e-06	-1.80000e-06	4.16578e-09	-1.24580e-05	8.24286e-06	7.75754e-11	-7.75754e-11	1.89554e-07	1	4.54555e-18	8.06399e-08	2.01891e-07	1
force-save-2023.07.02-16.04.28.175.jpk-force	33	1.80000e-06	-1.80000e-06	4.06322e-09	-5.74519e-06	8.46959e-06	3.32024e-11	-3.32024e-11	2.55758e-06	0	2.12363e-18	2.44797e-06	2.62632e-06	0
force-save-2023.07.02-16.04.34.989.jpk-force	33	1.80000e-06	-1.80000e-06	4.11913e-09	-1.24474e-05	8.43002e-06	1.19007e-10	-1.19007e-10	6.51038e-07	0	1.47624e-17	3.66773e-07	6.66181e-07	1
force-save-2023.07.02-16.04.41.824.jpk-force	33	1.80000e-06	-1.80000e-06	4.08086e-09	-1.17853e-05	8.53632e-06	3.17065e-11	-3.17065e-11	9.89271e-07	0	2.19143e-18	9.07670e-07	1.11526e-06	0
force-save-2023.07.02-16.04.48.643.jpk-force	33	1.80000e-06	-1.80000e-06	4.06068e-09	-1.27211e-05	8.70272e-06	2.87519e-11	-2.87519e-11	2.24160e-06	0	1.54633e-18	1.77318e-06	1.93916e-06	0
force-save-2023.07.02-16.05.09.075.jpk-force	34	6.00000e-07	-1.80000e-06	3.97500e-09	-1.27712e-05	8.98415e-06	2.54199e-11	-2.54199e-11	3.03922e-06	0	7.61332e-19	3.86798e-06	3.96720e-06	0
force-save-2023.07.02-16.05.15.881.jpk-force	34	6.00000e-07	-1.80000e-06	3.96154e-09	-1.40059e-05	9.04702e-06	3.02450e-11	-3.02450e-11	7.04529e-07	0	1.94729e-18	6.01925e-07	7.77464e-07	0
force-save-2023.07.02-16.05.22.760.jpk-force	34	6.00000e-07	-1.80000e-06	3.91208e-09	-1.21651e-05	9.17226e-06	2.44715e-11	-2.44715e-11	3.51084e-06	0	6.76013e-19	2.61272e-06	2.71188e-06	0
force-save-2023.07.02-16.05.26.312.jpk-force	35	-6.00000e-07	-1.80000e-06	3.92323e-09	-1.48639e-05	9.05026e-06	3.58043e-11	-3.58043e-11	1.54372e-06	0	3.99535e-18	1.34393e-06	1.69248e-06	0
force-save-2023.07.02-16.05.36.473.jpk-force	35	-6.00000e-07	-1.80000e-06	3.89773e-09	-1.53154e-05	9.10318e-06	3.62861e-11	-3.62861e-11	2.45126e-06	0	2.01148e-18	3.27821e-06	3.46158e-06	0
force-save-2023.07.02-16.05.57.032.jpk-force	35	-6.00000e-07	-1.80000e-06	3.82839e-09	-1.65330e-05	9.09492e-06	2.99768e-11	-2.99768e-11	7.72621e-07	0	1.15532e-18	4.25975e-06	4.40016e-06	0
force-save-2023.07.02-16.06.00.572.jpk-force	36	-1.80000e-06	-1.80000e-06	3.78789e-09	-1.43513e-05	9.45581e-06	3.30947e-11	-3.30947e-11	6.61642e-07	0	3.15968e-18	2.48730e-07	5.18618e-07	0
force-save-2023.07.02-16.06.10.612.jpk-force	36	-1.80000e-06	-1.80000e-06	3.76365e-09	-1.49386e-05	9.45695e-06	3.82339e-11	-3.82339e-11	1.33364e-06	0	4.03472e-18	1.16024e-06	1.46829e-06	0
force-save-2023.07.02-16.06.17.489.jpk-force	36	-1.80000e-06	-1.80000e-06	3.67432e-09	-1.09325e-05	9.65442e-06	2.53099e-11	-2.53099e-11	2.21824e-06	0	8.74773e-19	2.56286e-06	2.66256e-06	0
force-save-2023.07.02-16.06.24.342.jpk-force	36	-1.80000e-06	-1.80000e-06	3.68580e-09	-1.34680e-05	9.59986e-06	2.29904e-11	-2.29904e-11	2.40754e-06	0	2.14911e-19	1.71523e-06	1.74482e-06	0
force-save-2023.07.02-16.06.31.190.jpk-force	36	-1.80000e-06	-1.80000e-06	3.65641e-09	-1.38172e-05	9.65795e-06	2.52595e-11	-2.52595e-11	2.11447e-06	0	1.85122e-18	2.06615e-06	2.25772e-06	0
force-save-2023.07.02-16.06.34.750.jpk-force	37	-3.00000e-06	-1.80000e-06	3.67162e-09	-1.79007e-05	9.64004e-06	3.60379e-11	-3.60379e-11	8.70493e-07	0	3.98470e-18	1.34810e-06	1.66079e-06	0
force-save-2023.07.02-16.06.58.683.jpk-force	37	-3.00000e-06	-1.80000e-06	3.54049e-09	-1.44479e-05	9.75572e-06	2.66278e-11	-2.66278e-11	5.42031e-07	0	5.80119e-19	2.10327e-06	2.17589e-06	0
force-save-2023.07.02-16.07.05.558.jpk-force	37	-3.00000e-06	-1.80000e-06	3.49408e-09	-1.35137e-05	9.84545e-06	2.50862e-11	-2.50862e-11	4.19317e-07	0	9.42711e-19	3.94190e-06	4.04759e-06	0
force-save-2023.07.02-16.07.09.111.jpk-force	38	-4.20000e-06	-1.80000e-06	3.41091e-09	-7.92109e-06	9.73478e-06	3.50088e-11	-3.50088e-11	9.75830e-07	0	1.20387e-18	6.46643e-07	7.36035e-07	0
force-save-2023.07.02-16.07.19.402.jpk-force	38	-4.20000e-06	-1.80000e-06	3.46826e-09	-1.41596e-05	9.75469e-06	3.00614e-11	-3.00614e-11	9.84283e-08	1	8.59528e-19	2.25095e-06	2.36565e-06	0
force-save-2023.07.02-16.07.26.416.jpk-force	38	-4.20000e-06	-1.80000e-06	3.45895e-09	-1.60999e-05	9.42136e-06	2.98274e-11	-2.98274e-11	1.27419e-06	0	1.48166e-18	1.21201e-06	1.36191e-06	0
force-save-2023.07.02-16.07.33.547.jpk-force	38	-4.20000e-06	-1.80000e-06	3.38246e-09	-1.28743e-05	9.07321e-06	2.71040e-11	-2.71040e-11	2.24486e-06	0	8.23219e-19	2.17676e-06	2.27212e-06	0
force-save-2023.07.02-16.07.40.538.jpk-force	38	-4.20000e-06	-1.80000e-06	3.36434e-09	-1.40326e-05	8.85300e-06	2.94981e-11	-2.94981e-11	1.15389e-06	0	7.87545e-19	1.83085e-06	1.92011e-06	0
force-save-2023.07.02-16.07.44.107.jpk-force	39	-5.40000e-06	-1.80000e-06	3.31178e-09	-1.22487e-05	8.75232e-06	3.14916e-11	-3.14916e-11	1.76983e-06	0	1.41805e-18	1.68936e-06	1.82290e-06	0
force-save-2023.07.02-16.07.54.484.jpk-force	39	-5.40000e-06	-1.80000e-06	3.29627e-09	-1.36853e-05	8.54945e-06	2.69500e-11	-2.69500e-11	8.82619e-07	0	1.54682e-18	3.38605e-06	3.57910e-06	0
force-save-2023.07.02-16.08.01.419.jpk-force	39	-5.40000e-06	-1.80000e-06	3.25681e-09	-1.27704e-05	8.53964e-06	2.54577e-11	-2.54577e-11	2.51977e-06	0	1.02362e-18	2.50430e-06	2.62384e-06	0
force-save-2023.07.02-16.08.15.272.jpk-force	39	-5.40000e-06	-1.80000e-06	3.21023e-09	-1.34716e-05	8.33537e-06	2.88642e-11	-2.88642e-11	1.79964e-06	0	1.56505e-18	1.71121e-06	1.85834e-06	0
force-save-2023.07.02-16.08.18.831.jpk-force	40	-5.40000e-06	-6.00000e-07	3.16930e-09	-1.17240e-05	8.30623e-06	2.81583e-11	-2.81583e-11	3.35632e-07	0	9.35101e-19	3.23721e-07	4.05455e-07	0
force-save-2023.07.02-16.08.29.044.jpk-force	40	-5.40000e-06	-6.00000e-07	3.11420e-09	-9.70753e-06	8.38417e-06	2.62689e-11	-2.62689e-11	2.04127e-06	0	4.19782e-19	2.51816e-06	2.58363e-06	0
force-save-2023.07.02-16.08.35.926.jpk-force	40	-5.40000e-06	-6.00000e-07	3.13108e-09	-1.37660e-05	8.20904e-06	3.05436e-11	-3.05436e-11	1.12639e-06	0	1.03427e-18	1.11203e-06	1.22436e-06	0
force-save-2023.07.02-16.08.42.850.jpk-force	40	-5.40000e-06	-6.00000e-07	3.06643e-09	-1.10086e-05	8.23508e-06	3.02824e-11	-3.02824e-11	3.81351e-06	0	1.66796e-18	3.71202e-06	3.87055e-06	0
force-save-2023.07.02-16.08.53.353.jpk-force	41	-4.20000e-06	-6.00000e-07	3.04210e-09	-1.45710e-05	8.13198e-06	3.03403e-11	-3.03403e-11	3.67194e-06	0	1.39373e-18	3.61461e-06	3.76804e-06	0
force-save-2023.07.02-16.09.03.718.jpk-force	41	-4.20000e-06	-6.00000e-07	2.99591e-09	-1.32935e-05	7.97193e-06	3.50368e-11	-3.50368e-11	1.06090e-06	0	1.92355e-18	9.59855e-07	1.10621e-06	0
force-save-2023.07.02-16.09.10.661.jpk-force	41	-4.20000e-06	-6.00000e-07	2.96934e-09	-1.29860e-05	7.97448e-06	3.04034e-11	-3.04034e-11	6.22917e-07	0	2.22295e-18	3.46451e-06	3.67138e-06	0
force-save-2023.07.02-16.09.24.517.jpk-force	41	-4.20000e-06	-6.00000e-07	2.89492e-09	-1.18510e-05	7.89259e-06	2.44072e-11	-2.44072e-11	2.18199e-06	0	9.05239e-19	3.79922e-06	3.90557e-06	0
force-save-2023.07.02-16.09.28.081.jpk-force	42	-3.00000e-06	-6.00000e-07	2.90119e-09	-1.50155e-05	7.53145e-06	2.47094e-11	-2.47094e-11	3.06773e-06	0	3.36189e-19	6.08667e-07	6.52560e-07	0
force-save-2023.07.02-16.09.38.349.jpk-force	42	-3.00000e-06	-6.00000e-07	2.86070e-09	-1.44980e-05	7.56186e-06	3.75858e-11	-3.75858e-11	4.49932e-07	0	1.87130e-18	3.76628e-07	5.15640e-07	0
force-save-2023.07.02-16.09.45.241.jpk-force	42	-3.00000e-06	-6.00000e-07	2.83198e-09	-1.43652e-05	7.45405e-06	3.16361e-11	-3.16361e-11	2.37622e-06	0	1.45565e-18	3.92402e-06	4.08783e-06	0
force-save-2023.07.02-16.09.52.130.jpk-force	42	-3.00000e-06	-6.00000e-07	2.79103e-09	-1.28812e-05	7.42020e-06	3.02689e-11	-3.02689e-11	5.31211e-07	0	1.76433e-18	4.59510e-07	6.07877e-07	0
force-save-2023.07.02-16.09.59.040.jpk-force	42	-3.00000e-06	-6.00000e-07	2.77673e-09	-1.45663e-05	7.39087e-06	3.09953e-11	-3.09953e-11	9.31957e-07	0	1.51584e-18	1.57552e-06	1.71665e-06	0
force-save-2023.07.02-16.10.02.604.jpk-force	43	-1.80000e-06	-6.00000e-07	2.73550e-09	-1.23617e-05	7.41275e-06	2.58430e-11	-2.58430e-11	3.29951e-06	0	1.07534e-18	2.03238e-06	2.14689e-06	0
force-save-2023.07.02-16.10.12.877.jpk-force	43	-1.80000e-06	-6.00000e-07	2.72075e-09	-1.36849e-05	7.39811e-06	2.68581e-11	-2.68581e-11	3.67167e-06	0	1.57121e-19	3.74855e-06	3.78178e-06	0
force-save-2023.07.02-16.10.19.771.jpk-force	43	-1.80000e-06	-6.00000e-07	2.70257e-09	-1.44083e-05	7.36323e-06	2.40246e-11	-2.40246e-11	2.86663e-06	0	1.28151e-18	3.18988e-06	3.34364e-06	0
force-save-2023.07.02-16.10.33.604.jpk-force	43	-1.80000e-06	-6.00000e-07	2.63513e-09	-1.45450e-05	7.26941e-06	2.26457e-11	-2.26457e-11	2.93817e-06	0	9.50113e-19	2.94024e-06	3.04413e-06	0
force-save-2023.07.02-16.10.37.163.jpk-force	44	-6.00000e-07	-6.00000e-07	2.60391e-09	-1.61451e-05	6.31798e-06	7.64766e-11	-7.64766e-11	3.96552e-08	1	1.30206e-18	4.79658e-09	4.39978e-08	1
force-save-2023.07.02-16.10.47.706.jpk-force	44	-6.00000e-07	-6.00000e-07	2.53570e-09	-1.22892e-05	7.02486e-06	2.50380e-11	-2.50380e-11	7.25193e-07	0	1.08756e-18	6.79705e-07	8.15589e-07	0
force-save-2023.07.02-16.10.54.609.jpk-force	44	-6.00000e-07	-6.00000e-07	2.52865e-09	-1.58901e-05	6.69360e-06	2.44598e-11	-2.44598e-11	3.17166e-06	0	7.01052e-19	1.94040e-06	2.04745e-06	0
force-save-2023.07.02-16.11.08.411.jpk-force	44	-6.00000e-07	-6.00000e-07	2.44400e-09	-1.20962e-05	6.68080e-06	3.22262e-11	-3.22262e-11	3.99460e-07	0	9.41737e-19	2.47529e-06	2.58631e-06	0
force-save-2023.07.02-16.11.11.967.jpk-force	45	6.00000e-07	-6.00000e-07	2.42510e-09	-1.33857e-05	6.33030e-06	2.45851e-11	-2.45851e-11	2.05262e-06	0	6.42054e-19	2.00650e-06	2.07692e-06	0
force-save-2023.07.02-16.11.22.361.jpk-force	45	6.00000e-07	-6.00000e-07	2.42229e-09	-1.46631e-05	6.27974e-06	3.05549e-11	-3.05549e-11	8.92030e-07	0	1.67477e-18	4.54661e-07	5.92233e-07	0
force-save-2023.07.02-16.11.29.246.jpk-force	45	6.00000e-07	-6.00000e-07	2.40557e-09	-1.56081e-05	6.20209e-06	2.73330e-11	-2.73330e-11	3.94690e-06	0	1.02904e-18	3.50929e-06	3.63947e-06	0
force-save-2023.07.02-16.11.36.140.jpk-force	45	6.00000e-07	-6.00000e-07	2.35738e-09	-1.34318e-05	6.18090e-06	2.59072e-11	-2.59072e-11	2.07538e-07	1	3.58027e-19	1.71138e-06	1.76678e-06	0
force-save-2023.07.02-16.11.43.022.jpk-force	45	6.00000e-07	-6.00000e-07	2.32068e-09	-1.23885e-05	6.33103e-06	2.77692e-11	-2.77692e-11	7.74702e-07	0	9.09882e-19	2.54490e-06	2.65219e-06	0
force-save-2023.07.02-16.11.56.606.jpk-force	46	1.80000e-06	-6.00000e-07	2.29034e-09	-1.44215e-05	6.01576e-06	3.02506e-11	-3.02506e-11	1.62823e-06	0	9.85020e-19	1.64161e-06	1.74615e-06	0
force-save-2023.07.02-16.12.10.398.jpk-force	46	1.80000e-06	-6.00000e-07	2.21505e-09	-1.22953e-05	5.99737e-06	2.87452e-11	-2.87452e-11	6.43697e-07	0	7.11806e-19	2.43703e-06	2.51127e-06	0
force-save-2023.07.02-16.12.38.002.jpk-force	47	3.00000e-06	-6.00000e-07	2.12375e-09	-1.15418e-05	5.84000e-06	1.21775e-10	-1.21775e-10	4.46071e-06	0	1.68493e-17	4.06597e-06	4.46253e-06	0
force-save-2023.07.02-16.12.44.897.jpk-force	47	3.00000e-06	-6.00000e-07	2.10570e-09	-1.28127e-05	5.79570e-06	1.03182e-10	-1.03182e-10	4.48842e-06	0	1.22184e-17	4.15015e-06	4.49022e-06	0
force-save-2023.07.02-16.12.51.805.jpk-force	47	3.00000e-06	-6.00000e-07	2.05822e-09	-1.15990e-05	5.83083e-06	2.49726e-11	-2.49726e-11	4.29875e-06	0	1.70667e-18	4.14942e-06	4.33909e-06	0
force-save-2023.07.02-16.13.50.173.jpk-force	48	4.20000e-06	-6.00000e-07	1.77563e-09	-1.09406e-05	7.95445e-06	2.50154e-11	-2.50154e-11	2.11523e-06	0	1.45701e-18	2.00166e-06	2.16522e-06	0
force-save-2023.07.02-16.13.56.401.jpk-force	48	4.20000e-06	-6.00000e-07	1.77829e-09	-1.33469e-05	7.98512e-06	3.29715e-11	-3.29715e-11	2.25931e-06	0	1.39621e-18	2.22146e-06	2.37099e-06	0
force-save-2023.07.02-16.14.02.634.jpk-force	48	4.20000e-06	-6.00000e-07	1.71833e-09	-1.00373e-05	7.82587e-06	3.70497e-10	-3.70497e-10	7.93059e-08	1	1.20896e-17	7.63051e-09	9.24377e-08	3
force-save-2023.07.02-16.14.05.877.jpk-force	49	5.40000e-06	-6.00000e-07	1.70647e-09	-1.11227e-05	9.94562e-06	2.93206e-11	-2.93206e-11	1.97818e-06	0	1.35889e-18	1.93255e-06	2.05436e-06	0
force-save-2023.07.02-16.14.51.497.jpk-force	50	5.40000e-06	6.00000e-07	1.65545e-09	-1.58213e-05	9.43068e-06	3.51823e-11	-3.51823e-11	4.01642e-07	0	2.43980e-18	3.36842e-07	5.24802e-07	0
force-save-2023.07.02-16.14.57.695.jpk-force	50	5.40000e-06	6.00000e-07	1.58832e-09	-1.30359e-05	9.46945e-06	2.29481e-11	-2.29481e-11	2.56299e-06	0	3.10040e-19	2.58211e-06	2.63046e-06	0
force-save-2023.07.02-16.15.03.908.jpk-force	50	5.40000e-06	6.00000e-07	1.57257e-09	-1.37298e-05	9.45419e-06	2.99670e-11	-2.99670e-11	1.36269e-06	0	2.06450e-18	1.62758e-06	1.81222e-06	0
force-save-2023.07.02-16.15.07.144.jpk-force	51	4.20000e-06	6.00000e-07	1.55059e-09	-1.54513e-05	8.25416e-06	1.93908e-11	-1.93908e-11	1.25478e-07	1	1.56144e-19	3.05487e-06	3.07919e-06	0
force-save-2023.07.02-16.15.17.167.jpk-force	51	4.20000e-06	6.00000e-07	1.48309e-09	-1.02012e-05	8.16304e-06	2.53773e-11	-2.53773e-11	3.94088e-06	0	1.63767e-18	3.84235e-06	4.02378e-06	0
force-save-2023.07.02-16.15.23.395.jpk-force	51	4.20000e-06	6.00000e-07	1.49798e-09	-1.34354e-05	8.00203e-06	3.03047e-11	-3.03047e-11	4.11094e-07	0	1.56319e-18	3.23330e-07	4.75289e-07	0
force-save-2023.07.02-16.15.29.678.jpk-force	51	4.20000e-06	6.00000e-07	1.47377e-09	-1.36901e-05	7.92277e-06	6.62366e-11	-6.62366e-11	8.07915e-09	1	1.37546e-18	2.41187e-06	2.55730e-06	1
force-save-2023.07.02-16.15.35.935.jpk-force	51	4.20000e-06	6.00000e-07	1.46472e-09	-1.55546e-05	7.87097e-06	2.31559e-10	-2.31559e-10	1.86597e-08	1	3.45592e-18	-2.46814e-11	3.20026e-08	1
force-save-2023.07.02-16.15.39.154.jpk-force	52	3.00000e-06	6.00000e-07	1.44084e-09	-1.49391e-05	7.21140e-06	5.57359e-11	-5.57359e-11	8.23477e-09	1	1.75537e-18	8.16358e-07	9.82126e-07	2
force-save-2023.07.02-16.15.48.758.jpk-force	52	3.00000e-06	6.00000e-07	1.38911e-09	-1.24610e-05	7.26903e-06	2.46166e-11	-2.46166e-11	3.35121e-06	0	9.15793e-19	3.30283e-06	3.41200e-06	0
force-save-2023.07.02-16.15.54.994.jpk-force	52	3.00000e-06	6.00000e-07	1.35310e-09	-1.27256e-05	7.27517e-06	2.95021e-11	-2.95021e-11	2.13536e-06	0	1.25834e-18	2.08702e-06	2.23647e-06	0
force-save-2023.07.02-16.16.01.228.jpk-force	52	3.00000e-06	6.00000e-07	1.33075e-09	-1.24982e-05	7.23586e-06	2.62153e-11	-2.62153e-11	1.13509e-06	0	9.51575e-19	2.19205e-06	2.31562e-06	0
force-save-2023.07.02-16.16.07.461.jpk-force	52	3.00000e-06	6.00000e-07	1.29326e-09	-1.08918e-05	7.18147e-06	2.47077e-11	-2.47077e-11	5.08419e-07	0	8.98275e-19	3.80039e-06	3.91832e-06	0
force-save-2023.07.02-16.16.10.684.jpk-force	53	1.80000e-06	6.00000e-07	1.29968e-09	-1.37088e-05	6.74909e-06	3.02874e-11	-3.02874e-11	3.48474e-07	0	1.08571e-18	2.84414e-07	3.88454e-07	0
force-save-2023.07.02-16.16.20.144.jpk-force	53	1.80000e-06	6.00000e-07	1.24602e-09	-1.06460e-05	6.93133e-06	2.97965e-11	-2.97965e-11	2.95279e-06	0	1.57099e-18	3.64866e-06	3.79593e-06	0
force-save-2023.07.02-16.16.26.363.jpk-force	53	1.80000e-06	6.00000e-07	1.25679e-09	-1.37689e-05	6.71633e-06	4.49305e-11	-4.49305e-11	1.51111e-08	1	3.91775e-19	2.80108e-06	2.85172e-06	1
force-save-2023.07.02-16.16.32.594.jpk-force	53	1.80000e-06	6.00000e-07	1.20427e-09	-1.08706e-05	6.85935e-06	2.35407e-11	-2.35407e-11	3.17790e-06	0	4.88112e-19	3.72540e-06	3.80048e-06	0
force-save-2023.07.02-16.16.38.814.jpk-force	53	1.80000e-06	6.00000e-07	1.19058e-09	-1.20713e-05	6.69876e-06	6.82236e-11	-6.82236e-11	8.42264e-09	1	1.02686e-18	5.30005e-07	6.33664e-07	1
force-save-2023.07.02-16.16.42.043.jpk-force	54	6.00000e-07	6.00000e-07	1.18882e-09	-1.46085e-05	6.31286e-06	3.22417e-11	-3.22417e-11	2.27822e-07	1	1.51673e-18	3.76321e-06	3.91883e-06	0
force-save-2023.07.02-16.16.51.529.jpk-force	54	6.00000e-07	6.00000e-07	1.12453e-09	-1.12849e-05	6.33218e-06	5.30640e-11	-5.30640e-11	1.36035e-08	1	1.45099e-18	3.41368e-06	3.56091e-06	1
force-save-2023.07.02-16.16.57.750.jpk-force	54	6.00000e-07	6.00000e-07	1.12805e-09	-1.38363e-05	6.26481e-06	3.72112e-11	-3.72112e-11	2.32609e-08	1	9.71509e-19	2.72493e-07	3.59558e-07	1
force-save-2023.07.02-16.17.10.208.jpk-force	54	6.00000e-07	6.00000e-07	1.05353e-09	-1.22217e-05	6.24143e-06	5.01339e-11	-5.01339e-11	7.43983e-08	1	1.45392e-18	9.98492e-07	1.14068e-06	1
force-save-2023.07.02-16.17.13.438.jpk-force	55	-6.00000e-07	6.00000e-07	1.12800e-09	-2.38085e-05	6.00796e-06	2.70806e-10	-2.70806e-10	2.24718e-06	0	2.16758e-16	1.75546e-07	2.27036e-06	2
force-save-2023.07.02-16.17.22.965.jpk-force	55	-6.00000e-07	6.00000e-07	1.04252e-09	-1.82416e-05	6.12439e-06	3.33257e-11	-3.33257e-11	3.09709e-07	0	8.34849e-19	2.96811e-07	3.56256e-07	0
force-save-2023.07.02-16.17.29.171.jpk-force	55	-6.00000e-07	6.00000e-07	1.00143e-09	-1.57306e-05	6.04691e-06	2.89060e-11	-2.89060e-11	3.43875e-06	0	1.98115e-18	3.32975e-06	3.50908e-06	0
force-save-2023.07.02-16.17.35.403.jpk-force	55	-6.00000e-07	6.00000e-07	9.88212e-10	-1.69395e-05	6.07401e-06	3.00301e-11	-3.00301e-11	1.12340e-06	0	1.27034e-18	7.10165e-07	8.39877e-07	0
force-save-2023.07.02-16.17.41.619.jpk-force	55	-6.00000e-07	6.00000e-07	9.55105e-10	-1.61998e-05	6.07793e-06	3.20318e-11	-3.20318e-11	5.61394e-07	0	9.52586e-19	1.89052e-06	1.98898e-06	0
force-save-2023.07.02-16.17.44.839.jpk-force	56	-1.80000e-06	6.00000e-07	9.56698e-10	-1.93723e-05	6.30379e-06	3.94407e-11	-3.94407e-11	3.41889e-06	0	3.65708e-18	3.23518e-06	3.45866e-06	0
force-save-2023.07.02-16.17.53.908.jpk-force	56	-1.80000e-06	6.00000e-07	9.45956e-10	-2.06471e-05	6.21302e-06	3.82761e-11	-3.82761e-11	3.47130e-06	0	3.13309e-18	3.33459e-06	3.51314e-06	0
force-save-2023.07.02-16.18.00.147.jpk-force	56	-1.80000e-06	6.00000e-07	9.11160e-10	-2.01499e-05	6.23219e-06	3.59205e-11	-3.59205e-11	3.47305e-06	0	2.02957e-18	3.06648e-06	3.26857e-06	0
force-save-2023.07.02-16.18.06.359.jpk-force	56	-1.80000e-06	6.00000e-07	8.64301e-10	-1.80162e-05	6.20082e-06	3.04871e-11	-3.04871e-11	3.40665e-06	0	2.51710e-18	3.26600e-06	3.47620e-06	0
force-save-2023.07.02-16.18.12.602.jpk-force	56	-1.80000e-06	6.00000e-07	8.40703e-10	-1.79998e-05	6.13296e-06	4.22901e-11	-4.22901e-11	3.51623e-06	0	7.13253e-18	3.00556e-06	3.53341e-06	0
force-save-2023.07.02-16.18.15.820.jpk-force	57	-3.00000e-06	6.00000e-07	7.54960e-10	-1.02785e-05	6.39989e-06	2.60774e-11	-2.60774e-11	1.07470e-06	0	7.13756e-19	1.06165e-06	1.14600e-06	0
force-save-2023.07.02-16.18.24.946.jpk-force	57	-3.00000e-06	6.00000e-07	7.77210e-10	-1.49519e-05	6.32287e-06	3.00154e-11	-3.00154e-11	3.14591e-07	0	1.51090e-18	2.49340e-07	3.91760e-07	0
force-save-2023.07.02-16.18.31.169.jpk-force	57	-3.00000e-06	6.00000e-07	7.36910e-10	-1.31107e-05	6.39935e-06	2.77692e-11	-2.77692e-11	9.36967e-07	0	5.05347e-19	2.91140e-06	2.97600e-06	0
force-save-2023.07.02-16.18.37.387.jpk-force	57	-3.00000e-06	6.00000e-07	7.25916e-10	-1.36606e-05	6.32490e-06	2.63752e-11	-2.63752e-11	1.16120e-06	0	8.36873e-19	1.15968e-06	1.24675e-06	0
force-save-2023.07.02-16.18.43.609.jpk-force	57	-3.00000e-06	6.00000e-07	7.08917e-10	-1.30289e-05	6.34825e-06	2.47175e-11	-2.47175e-11	2.30751e-06	0	3.47104e-19	7.42593e-07	7.92936e-07	0
force-save-2023.07.02-16.18.46.835.jpk-force	58	-4.20000e-06	6.00000e-07	6.98409e-10	-1.36047e-05	6.34628e-06	2.97197e-11	-2.97197e-11	3.31387e-06	0	2.18370e-18	3.17026e-06	3.36311e-06	0
force-save-2023.07.02-16.18.56.007.jpk-force	58	-4.20000e-06	6.00000e-07	6.91948e-10	-1.59414e-05	6.30645e-06	2.91794e-11	-2.91794e-11	5.76525e-07	0	1.05283e-18	2.78853e-07	3.80730e-07	0
force-save-2023.07.02-16.19.02.243.jpk-force	58	-4.20000e-06	6.00000e-07	6.74256e-10	-1.84184e-05	6.34439e-06	2.93442e-11	-2.93442e-11	4.01425e-07	0	5.73551e-19	2.10162e-06	2.17111e-06	0
force-save-2023.07.02-16.19.14.686.jpk-force	58	-4.20000e-06	6.00000e-07	5.71667e-10	-1.27892e-05	6.31278e-06	3.37394e-11	-3.37394e-11	7.38051e-07	0	1.06254e-18	3.19818e-06	3.31658e-06	0
force-save-2023.07.02-16.19.17.903.jpk-force	59	-5.40000e-06	6.00000e-07	6.40260e-10	-2.27442e-05	6.28344e-06	1.80759e-10	-1.80759e-10	1.99323e-06	0	8.56838e-17	7.95756e-07	2.05662e-06	2
force-save-2023.07.02-16.19.27.013.jpk-force	59	-5.40000e-06	6.00000e-07	4.91857e-10	-7.22035e-06	6.57558e-06	2.26484e-11	-2.26484e-11	2.36430e-06	0	2.92760e-19	3.21993e-06	3.26660e-06	0
force-save-2023.07.02-16.19.33.240.jpk-force	59	-5.40000e-06	6.00000e-07	5.72497e-10	-1.85632e-05	6.33339e-06	3.62545e-11	-3.62545e-11	1.71002e-07	1	3.21024e-18	7.42661e-07	1.05621e-06	0
force-save-2023.07.02-16.19.39.474.jpk-force	59	-5.40000e-06	6.00000e-07	5.28286e-10	-1.73452e-05	6.41141e-06	3.13970e-11	-3.13970e-11	8.91933e-07	0	5.10857e-19	3.08238e-06	3.15312e-06	0
force-save-2023.07.02-16.19.45.697.jpk-force	59	-5.40000e-06	6.00000e-07	4.84883e-10	-1.58590e-05	6.31748e-06	2.59438e-11	-2.59438e-11	1.65566e-06	0	3.56334e-19	2.43023e-06	2.48089e-06	0
force-save-2023.07.02-16.19.48.917.jpk-force	60	-5.40000e-06	1.80000e-06	4.62208e-10	-1.74648e-05	6.11059e-06	3.17854e-11	-3.17854e-11	2.43033e-07	1	2.69258e-18	1.40100e-07	3.40233e-07	0
force-save-2023.07.02-16.19.58.330.jpk-force	60	-5.40000e-06	1.80000e-06	3.87947e-10	-1.20215e-05	6.25441e-06	3.36844e-11	-3.36844e-11	2.89509e-06	0	2.23288e-18	2.82018e-06	3.01703e-06	0
force-save-2023.07.02-16.20.20.200.jpk-force	61	-4.20000e-06	1.80000e-06	2.54193e-10	-8.33893e-06	6.11667e-06	2.98572e-11	-2.98572e-11	2.80341e-06	0	8.39250e-19	3.07739e-06	3.17557e-06	0
force-save-2023.07.02-16.20.29.519.jpk-force	61	-4.20000e-06	1.80000e-06	3.25850e-10	-1.91571e-05	5.65376e-06	2.91384e-11	-2.91384e-11	4.12490e-07	0	1.11609e-18	3.08800e-07	4.18982e-07	0
force-save-2023.07.02-16.20.35.738.jpk-force	61	-4.20000e-06	1.80000e-06	2.71190e-10	-1.38157e-05	5.82098e-06	2.77367e-11	-2.77367e-11	5.88644e-07	0	1.04001e-18	5.76500e-07	6.87250e-07	0
force-save-2023.07.02-16.20.41.958.jpk-force	61	-4.20000e-06	1.80000e-06	2.39579e-10	-1.16094e-05	5.79458e-06	5.13740e-11	-5.13740e-11	3.99909e-07	0	4.07469e-18	2.72287e-07	4.53077e-07	0
force-save-2023.07.02-16.20.48.177.jpk-force	61	-4.20000e-06	1.80000e-06	2.73756e-10	-1.90755e-05	5.75493e-06	3.47914e-11	-3.47914e-11	3.43842e-07	0	1.42858e-18	6.70776e-07	8.18694e-07	0
force-save-2023.07.02-16.20.51.396.jpk-force	62	-3.00000e-06	1.80000e-06	1.75963e-10	-1.00040e-05	5.65721e-06	2.37713e-11	-2.37713e-11	1.49144e-06	0	1.01837e-18	3.07287e-06	3.18810e-06	0
force-save-2023.07.02-16.21.06.916.jpk-force	62	-3.00000e-06	1.80000e-06	2.03640e-10	-1.72912e-05	5.64515e-06	6.48425e-11	-6.48425e-11	1.51066e-06	0	1.26580e-17	1.08540e-06	1.59898e-06	1
force-save-2023.07.02-16.21.13.157.jpk-force	62	-3.00000e-06	1.80000e-06	1.76406e-10	-1.68238e-05	5.59650e-06	3.18316e-11	-3.18316e-11	5.09895e-07	0	1.02809e-18	4.54919e-07	5.50198e-07	0
force-save-2023.07.02-16.21.19.371.jpk-force	62	-3.00000e-06	1.80000e-06	1.37297e-10	-1.56704e-05	5.64287e-06	2.52408e-11	-2.52408e-11	2.05620e-06	0	1.25741e-18	1.97848e-06	2.13216e-06	0
force-save-2023.07.02-16.21.22.601.jpk-force	63	-1.80000e-06	1.80000e-06	1.49893e-10	-2.07000e-05	5.47673e-06	2.20482e-11	-2.20482e-11	2.53653e-06	0	3.80320e-19	2.89334e-06	2.94578e-06	0
force-save-2023.07.02-16.21.31.916.jpk-force	63	-1.80000e-06	1.80000e-06	1.05403e-10	-1.69071e-05	5.42852e-06	2.55934e-11	-2.55934e-11	6.13993e-07	0	7.31933e-19	2.63477e-07	3.40352e-07	0
force-save-2023.07.02-16.21.38.140.jpk-force	63	-1.80000e-06	1.80000e-06	5.60500e-11	-1.36139e-05	5.46583e-06	2.47590e-11	-2.47590e-11	7.24158e-07	0	2.15218e-19	2.14071e-06	2.17353e-06	0
force-save-2023.07.02-16.21.44.363.jpk-force	63	-1.80000e-06	1.80000e-06	5.49625e-11	-1.73061e-05	5.36314e-06	2.80092e-11	-2.80092e-11	4.57183e-07	0	9.93009e-19	2.98137e-06	3.08354e-06	0
force-save-2023.07.02-16.21.50.584.jpk-force	63	-1.80000e-06	1.80000e-06	-1.84894e-11	-1.25363e-05	5.29875e-06	7.00072e-11	-7.00072e-11	9.63408e-08	1	2.51184e-18	2.98492e-08	1.07710e-07	1
force-save-2023.07.02-16.21.53.805.jpk-force	64	-6.00000e-07	1.80000e-06	-4.36503e-11	-9.56699e-06	5.02509e-06	1.32784e-10	-1.32784e-10	1.90082e-07	1	1.15744e-17	7.99350e-09	1.97699e-07	2
force-save-2023.07.02-16.22.03.138.jpk-force	64	-6.00000e-07	1.80000e-06	-2.66214e-11	-1.42660e-05	5.08828e-06	4.19907e-11	-4.19907e-11	3.91248e-07	0	3.26969e-18	2.00790e-07	4.07583e-07	0
force-save-2023.07.02-16.22.09.361.jpk-force	64	-6.00000e-07	1.80000e-06	-2.59916e-11	-1.76348e-05	5.16167e-06	3.58177e-11	-3.58177e-11	3.04204e-07	0	1.57745e-18	2.20484e-07	3.18038e-07	0
force-save-2023.07.02-16.22.15.594.jpk-force	64	-6.00000e-07	1.80000e-06	-9.34805e-11	-1.14063e-05	4.93276e-06	2.25969e-11	-2.25969e-11	1.87233e-06	0	1.01969e-19	3.32654e-06	3.34510e-06	0
force-save-2023.07.02-16.22.21.810.jpk-force	64	-6.00000e-07	1.80000e-06	-5.85774e-11	-1.79948e-05	4.84399e-06	2.08998e-10	-2.08998e-10	3.10931e-07	0	3.31603e-17	1.68014e-08	3.31534e-07	1
force-save-2023.07.02-16.22.40.007.jpk-force	65	6.00000e-07	1.80000e-06	-1.48499e-10	-1.59100e-05	5.24370e-06	1.03810e-10	-1.03810e-10	9.17018e-08	1	6.26477e-18	1.93558e-08	1.28128e-07	4
force-save-2023.07.02-16.22.46.264.jpk-force	65	6.00000e-07	1.80000e-06	-1.65996e-10	-1.60264e-05	5.15594e-06	7.52864e-11	-7.52864e-11	1.75197e-08	1	2.30663e-18	7.37492e-07	9.21304e-07	1
force-save-2023.07.02-16.22.52.433.jpk-force	65	6.00000e-07	1.80000e-06	-1.50145e-10	-1.86523e-05	5.24066e-06	5.88946e-11	-5.88946e-11	1.86037e-07	1	4.51214e-18	1.22224e-07	3.52047e-07	1
force-save-2023.07.02-16.22.55.687.jpk-force	66	1.80000e-06	1.80000e-06	-2.01767e-10	-1.41381e-05	5.88001e-06	2.79932e-11	-2.79932e-11	3.20231e-06	0	1.61863e-18	3.54291e-06	3.71493e-06	0
force-save-2023.07.02-16.23.04.503.jpk-force	66	1.80000e-06	1.80000e-06	-2.29325e-10	-1.44980e-05	5.85409e-06	2.84277e-11	-2.84277e-11	1.10212e-06	0	7.84272e-19	1.11963e-06	1.19883e-06	0
force-save-2023.07.02-16.23.10.737.jpk-force	66	1.80000e-06	1.80000e-06	-2.66407e-10	-1.24076e-05	5.83971e-06	2.47789e-11	-2.47789e-11	1.02509e-06	0	5.53628e-19	1.33494e-06	1.40752e-06	0
force-save-2023.07.02-16.23.16.978.jpk-force	66	1.80000e-06	1.80000e-06	-2.46764e-10	-1.73600e-05	5.80617e-06	3.65308e-11	-3.65308e-11	4.26926e-07	0	2.93286e-18	2.82729e-07	4.82011e-07	0
force-save-2023.07.02-16.23.23.215.jpk-force	66	1.80000e-06	1.80000e-06	-3.09837e-10	-1.19534e-05	5.79268e-06	3.06522e-11	-3.06522e-11	1.00406e-06	0	1.31837e-18	9.46905e-07	1.07588e-06	0
force-save-2023.07.02-16.23.26.448.jpk-force	67	3.00000e-06	1.80000e-06	-2.78201e-10	-1.68339e-05	5.87656e-06	2.55097e-11	-2.55097e-11	1.80025e-07	1	6.84023e-19	4.63519e-07	5.51227e-07	0
force-save-2023.07.02-16.23.35.720.jpk-force	67	3.00000e-06	1.80000e-06	-3.13421e-10	-1.66021e-05	5.83695e-06	2.87375e-11	-2.87375e-11	1.27900e-06	0	1.93074e-18	1.18563e-06	1.36323e-06	0
force-save-2023.07.02-16.23.41.955.jpk-force	67	3.00000e-06	1.80000e-06	-3.71155e-10	-1.30003e-05	5.91178e-06	3.22398e-11	-3.22398e-11	7.33081e-08	1	1.46999e-18	6.31611e-07	7.66978e-07	0
force-save-2023.07.02-16.23.48.190.jpk-force	67	3.00000e-06	1.80000e-06	-3.68579e-10	-1.60504e-05	5.79598e-06	4.01111e-11	-4.01111e-11	1.33234e-06	0	2.43975e-18	1.24310e-06	1.41673e-06	0
force-save-2023.07.02-16.23.54.421.jpk-force	67	3.00000e-06	1.80000e-06	-4.19168e-10	-1.22350e-05	5.78043e-06	2.39373e-11	-2.39373e-11	1.30454e-07	1	3.52371e-19	3.02532e-06	3.07280e-06	0
force-save-2023.07.02-16.23.57.647.jpk-force	68	4.20000e-06	1.80000e-06	-4.59047e-10	-1.10948e-05	6.01022e-06	5.65059e-11	-5.65059e-11	5.89393e-08	1	8.59955e-19	2.95242e-08	6.37175e-08	1
force-save-2023.07.02-16.24.06.760.jpk-force	68	4.20000e-06	1.80000e-06	-4.71037e-10	-1.15856e-05	5.91970e-06	2.81203e-11	-2.81203e-11	6.49845e-07	0	1.38115e-18	6.03349e-07	7.37422e-07	0
force-save-2023.07.02-16.24.12.990.jpk-force	68	4.20000e-06	1.80000e-06	-4.57776e-10	-1.50291e-05	5.85666e-06	3.75157e-11	-3.75157e-11	2.52442e-07	1	4.63948e-18	4.93825e-07	8.75091e-07	0
force-save-2023.07.02-16.24.19.219.jpk-force	68	4.20000e-06	1.80000e-06	-5.19909e-10	-1.09562e-05	6.02429e-06	3.52942e-11	-3.52942e-11	2.07126e-06	0	1.98313e-18	1.98130e-06	2.14157e-06	0
force-save-2023.07.02-16.24.25.449.jpk-force	68	4.20000e-06	1.80000e-06	-5.13230e-10	-1.45297e-05	5.89675e-06	2.45595e-11	-2.45595e-11	2.44574e-06	0	7.48987e-19	2.39960e-06	2.48244e-06	0
force-save-2023.07.02-16.24.28.673.jpk-force	69	5.40000e-06	1.80000e-06	-5.36052e-10	-1.36075e-05	7.37565e-06	2.36947e-11	-2.36947e-11	1.41599e-06	0	8.24637e-19	3.07882e-06	3.18991e-06	0
force-save-2023.07.02-16.24.36.937.jpk-force	69	5.40000e-06	1.80000e-06	-5.22257e-10	-1.79314e-05	7.39268e-06	3.39144e-11	-3.39144e-11	5.95602e-07	0	3.20074e-18	4.78710e-07	7.12302e-07	0
force-save-2023.07.02-16.24.43.178.jpk-force	69	5.40000e-06	1.80000e-06	-6.03435e-10	-1.15649e-05	7.48814e-06	5.42623e-11	-5.42623e-11	1.10767e-07	1	1.37649e-18	1.67373e-06	1.83639e-06	1
force-save-2023.07.02-16.24.49.410.jpk-force	69	5.40000e-06	1.80000e-06	-5.72345e-10	-1.60669e-05	7.36761e-06	2.62309e-11	-2.62309e-11	1.68738e-06	0	1.52625e-18	2.79192e-07	4.67075e-07	0
force-save-2023.07.02-16.24.55.647.jpk-force	69	5.40000e-06	1.80000e-06	-6.22658e-10	-1.38533e-05	7.39579e-06	2.47291e-11	-2.47291e-11	9.54189e-07	0	1.43976e-18	8.83094e-07	1.03976e-06	0
force-save-2023.07.02-16.24.58.877.jpk-force	70	5.40000e-06	3.00000e-06	-6.05247e-10	-1.97623e-05	5.47493e-06	1.04381e-10	-1.04381e-10	4.86973e-07	0	2.09785e-17	1.76951e-08	9.90557e-07	2
force-save-2023.07.02-16.25.09.259.jpk-force	70	5.40000e-06	3.00000e-06	-7.05606e-10	-9.98371e-06	5.53491e-06	1.51640e-10	-1.51640e-10	6.11462e-07	0	8.89019e-18	4.58908e-07	6.19241e-07	3
force-save-2023.07.02-16.25.15.506.jpk-force	70	5.40000e-06	3.00000e-06	-7.14915e-10	-1.31168e-05	5.48095e-06	1.45650e-10	-1.45650e-10	3.66857e-07	0	8.97331e-18	2.76850e-07	4.70980e-07	2
force-save-2023.07.02-16.25.21.729.jpk-force	70	5.40000e-06	3.00000e-06	-7.37685e-10	-1.17454e-05	5.41517e-06	2.71269e-11	-2.71269e-11	1.17807e-07	1	8.10859e-19	1.02593e-07	1.84005e-07	0
force-save-2023.07.02-16.25.27.961.jpk-force	70	5.40000e-06	3.00000e-06	-7.14553e-10	-1.38391e-05	5.42400e-06	2.69073e-11	-2.69073e-11	1.13195e-06	0	1.34178e-18	1.52394e-06	1.66047e-06	0
force-save-2023.07.02-16.25.31.192.jpk-force	71	4.20000e-06	3.00000e-06	-6.92323e-10	-2.29183e-05	5.42078e-06	2.94384e-11	-2.94384e-11	1.37822e-06	0	1.69940e-18	1.24967e-06	1.42653e-06	0
force-save-2023.07.02-16.25.40.475.jpk-force	71	4.20000e-06	3.00000e-06	-7.80878e-10	-1.86361e-05	5.32709e-06	2.42219e-11	-2.42219e-11	1.16012e-06	0	9.12871e-19	1.41547e-06	1.52197e-06	0
force-save-2023.07.02-16.25.46.709.jpk-force	71	4.20000e-06	3.00000e-06	-8.44113e-10	-9.01815e-06	5.35695e-06	3.54797e-11	-3.54797e-11	3.54336e-07	0	1.32793e-18	2.52990e-06	2.67427e-06	0
force-save-2023.07.02-16.25.52.945.jpk-force	71	4.20000e-06	3.00000e-06	-8.26022e-10	-1.51908e-05	5.28955e-06	7.12064e-11	-7.12064e-11	1.04456e-07	1	2.42313e-18	1.91448e-06	2.08315e-06	1
force-save-2023.07.02-16.25.59.180.jpk-force	71	4.20000e-06	3.00000e-06	-8.61467e-10	-1.17686e-05	5.26930e-06	3.12543e-11	-3.12543e-11	4.78463e-07	0	3.73896e-18	2.45298e-07	5.50040e-07	0
force-save-2023.07.02-16.26.02.412.jpk-force	72	3.00000e-06	3.00000e-06	-8.74305e-10	-1.40118e-05	5.16215e-06	2.66521e-11	-2.66521e-11	2.36886e-07	1	8.64849e-19	2.06851e-07	2.88054e-07	0
force-save-2023.07.02-16.26.17.947.jpk-force	72	3.00000e-06	3.00000e-06	-8.79758e-10	-2.08001e-05	5.04450e-06	3.80267e-11	-3.80267e-11	3.10000e-07	0	2.88778e-18	5.51837e-07	7.57522e-07	0
force-save-2023.07.02-16.26.24.189.jpk-force	72	3.00000e-06	3.00000e-06	-9.67829e-10	-1.29164e-05	5.05881e-06	2.74124e-11	-2.74124e-11	1.14605e-06	0	9.50051e-19	1.04196e-06	1.16974e-06	0
force-save-2023.07.02-16.26.30.420.jpk-force	72	3.00000e-06	3.00000e-06	-9.67033e-10	-1.21465e-05	5.00941e-06	2.31060e-10	-2.31060e-10	3.42419e-07	0	1.94812e-17	4.80405e-08	3.83127e-07	2
force-save-2023.07.02-16.26.33.647.jpk-force	73	1.80000e-06	3.00000e-06	-9.26731e-10	-2.16030e-05	4.61009e-06	2.92789e-11	-2.92789e-11	7.34315e-07	0	1.71603e-18	5.80593e-07	7.41637e-07	0
force-save-2023.07.02-16.26.43.124.jpk-force	73	1.80000e-06	3.00000e-06	-1.03928e-09	-1.19026e-05	4.62906e-06	8.43733e-11	-8.43733e-11	1.11713e-07	1	3.53565e-18	1.36271e-08	1.20179e-07	3
force-save-2023.07.02-16.26.49.353.jpk-force	73	1.80000e-06	3.00000e-06	-1.02704e-09	-1.44685e-05	4.56904e-06	2.72960e-11	-2.72960e-11	7.07479e-07	0	1.64836e-18	5.51652e-07	7.32531e-07	0
force-save-2023.07.02-16.26.55.596.jpk-force	73	1.80000e-06	3.00000e-06	-1.05094e-09	-1.46683e-05	4.53621e-06	2.62227e-11	-2.62227e-11	3.32602e-07	0	7.55713e-19	1.04353e-06	1.13260e-06	0
force-save-2023.07.02-16.27.01.827.jpk-force	73	1.80000e-06	3.00000e-06	-1.07179e-09	-1.40323e-05	4.43319e-06	1.00265e-10	-1.00265e-10	2.81079e-07	1	3.52626e-18	2.91916e-07	4.45511e-07	3
force-save-2023.07.02-16.27.05.054.jpk-force	74	6.00000e-07	3.00000e-06	-1.08690e-09	-1.46237e-05	4.16684e-06	3.22548e-11	-3.22548e-11	4.95964e-07	0	1.85994e-18	9.29570e-07	1.07581e-06	0
force-save-2023.07.02-16.27.14.130.jpk-force	74	6.00000e-07	3.00000e-06	-1.11158e-09	-1.72528e-05	4.61962e-06	2.94746e-11	-2.94746e-11	2.57645e-06	0	8.37438e-19	1.47137e-06	1.55366e-06	0
force-save-2023.07.02-16.27.20.482.jpk-force	74	6.00000e-07	3.00000e-06	-1.15010e-09	-1.15070e-05	4.41381e-06	2.53096e-11	-2.53096e-11	2.36889e-06	0	1.40465e-18	2.29485e-06	2.44733e-06	0
force-save-2023.07.02-16.27.27.020.jpk-force	74	6.00000e-07	3.00000e-06	-1.13244e-09	-1.72785e-05	3.96402e-06	3.19222e-11	-3.19222e-11	5.02043e-07	0	1.61792e-18	4.35678e-07	5.55012e-07	0
force-save-2023.07.02-16.27.33.325.jpk-force	74	6.00000e-07	3.00000e-06	-1.16387e-09	-1.82926e-05	3.80042e-06	3.61876e-11	-3.61876e-11	3.45001e-07	0	3.43310e-18	2.94456e-07	5.71398e-07	0
force-save-2023.07.02-16.27.36.559.jpk-force	75	-6.00000e-07	3.00000e-06	-1.20794e-09	-1.53182e-05	3.66674e-06	3.05571e-11	-3.05571e-11	1.00419e-07	1	4.96104e-19	2.93960e-06	3.00857e-06	0
force-save-2023.07.02-16.27.46.262.jpk-force	75	-6.00000e-07	3.00000e-06	-1.26181e-09	-1.00195e-05	3.37886e-06	1.55232e-10	-1.55232e-10	2.35653e-07	1	1.35476e-17	4.79379e-08	2.48479e-07	1
force-save-2023.07.02-16.27.52.505.jpk-force	75	-6.00000e-07	3.00000e-06	-1.24631e-09	-1.60184e-05	3.31505e-06	1.61571e-10	-1.61571e-10	1.69044e-07	1	1.17612e-17	1.67337e-08	1.75302e-07	1
force-save-2023.07.02-16.27.58.745.jpk-force	75	-6.00000e-07	3.00000e-06	-1.27773e-09	-1.08954e-05	3.35837e-06	2.64824e-11	-2.64824e-11	1.39146e-06	0	3.57860e-19	2.89840e-06	2.95743e-06	0
force-save-2023.07.02-16.28.05.007.jpk-force	75	-6.00000e-07	3.00000e-06	-1.33035e-09	-7.57108e-06	3.28733e-06	2.53100e-11	-2.53100e-11	2.44331e-06	0	1.38275e-18	2.36790e-06	2.50235e-06	0
force-save-2023.07.02-16.28.08.224.jpk-force	76	-1.80000e-06	3.00000e-06	-1.30668e-09	-1.47454e-05	3.47068e-06	3.16861e-11	-3.16861e-11	3.29119e-07	0	8.19195e-19	1.03766e-06	1.13814e-06	0
force-save-2023.07.02-16.28.17.365.jpk-force	76	-1.80000e-06	3.00000e-06	-1.35448e-09	-1.37749e-05	3.38606e-06	3.29769e-11	-3.29769e-11	1.71122e-07	1	1.84765e-18	8.34434e-07	1.01372e-06	0
force-save-2023.07.02-16.28.23.612.jpk-force	76	-1.80000e-06	3.00000e-06	-1.39119e-09	-1.29453e-05	3.49265e-06	3.45780e-11	-3.45780e-11	1.06082e-06	0	1.81696e-18	1.00108e-06	1.11877e-06	0
force-save-2023.07.02-16.28.29.866.jpk-force	76	-1.80000e-06	3.00000e-06	-1.38965e-09	-2.05385e-05	3.23929e-06	2.91193e-11	-2.91193e-11	6.03269e-07	0	1.04128e-18	2.32382e-06	2.44669e-06	0
force-save-2023.07.02-16.28.36.116.jpk-force	76	-1.80000e-06	3.00000e-06	-1.45435e-09	-1.18490e-05	3.29706e-06	3.20622e-11	-3.20622e-11	2.96559e-06	0	1.66359e-18	2.91888e-06	3.06468e-06	0
force-save-2023.07.02-16.28.39.336.jpk-force	77	-3.00000e-06	3.00000e-06	-1.47181e-09	-1.20778e-05	3.42797e-06	3.06643e-11	-3.06643e-11	7.11760e-07	0	1.32666e-18	2.81215e-06	2.96078e-06	0
force-save-2023.07.02-16.28.48.435.jpk-force	77	-3.00000e-06	3.00000e-06	-1.46583e-09	-1.72261e-05	3.31815e-06	2.92699e-11	-2.92699e-11	7.65239e-07	0	1.49137e-18	6.90164e-07	8.36766e-07	0
force-save-2023.07.02-16.28.54.679.jpk-force	77	-3.00000e-06	3.00000e-06	-1.48258e-09	-1.64919e-05	3.26978e-06	3.25172e-11	-3.25172e-11	6.36244e-07	0	1.30588e-18	5.84801e-07	7.24925e-07	0
force-save-2023.07.02-16.29.00.933.jpk-force	77	-3.00000e-06	3.00000e-06	-1.50311e-09	-1.51402e-05	3.20052e-06	4.80476e-11	-4.80476e-11	5.73785e-07	0	4.31529e-18	3.98370e-07	5.98836e-07	0
force-save-2023.07.02-16.29.07.163.jpk-force	77	-3.00000e-06	3.00000e-06	-1.53359e-09	-1.34302e-05	3.25563e-06	2.35222e-11	-2.35222e-11	6.91779e-07	0	2.52596e-19	3.51793e-07	3.86718e-07	0
force-save-2023.07.02-16.29.10.382.jpk-force	78	-4.20000e-06	3.00000e-06	-1.56192e-09	-1.29490e-05	3.42940e-06	2.60038e-11	-2.60038e-11	1.61666e-06	0	1.00982e-18	2.67195e-06	2.78866e-06	0
force-save-2023.07.02-16.29.19.508.jpk-force	78	-4.20000e-06	3.00000e-06	-1.54254e-09	-1.68882e-05	3.28401e-06	2.34756e-11	-2.34756e-11	2.15685e-06	0	9.67317e-19	2.06235e-06	2.18541e-06	0
force-save-2023.07.02-16.29.25.769.jpk-force	78	-4.20000e-06	3.00000e-06	-1.58673e-09	-1.55202e-05	3.27813e-06	3.09863e-11	-3.09863e-11	1.01187e-06	0	1.85982e-18	5.88523e-07	7.46804e-07	0
force-save-2023.07.02-16.29.32.015.jpk-force	78	-4.20000e-06	3.00000e-06	-1.60303e-09	-1.61207e-05	3.14123e-06	2.62291e-11	-2.62291e-11	2.65950e-06	0	2.79079e-19	2.04162e-06	2.08767e-06	0
force-save-2023.07.02-16.29.38.279.jpk-force	78	-4.20000e-06	3.00000e-06	-1.63062e-09	-1.47942e-05	3.15217e-06	2.94695e-11	-2.94695e-11	7.95704e-07	0	2.03639e-18	5.17311e-07	7.44886e-07	0
force-save-2023.07.02-16.29.41.502.jpk-force	79	-5.40000e-06	3.00000e-06	-1.64163e-09	-1.79528e-05	3.36078e-06	2.89416e-11	-2.89416e-11	9.65935e-07	0	1.50837e-18	8.72721e-07	1.01847e-06	0
force-save-2023.07.02-16.29.50.665.jpk-force	79	-5.40000e-06	3.00000e-06	-1.66024e-09	-1.72517e-05	3.17476e-06	2.92630e-11	-2.92630e-11	1.98554e-06	0	7.98058e-19	6.07882e-07	6.87331e-07	0
force-save-2023.07.02-16.29.57.000.jpk-force	79	-5.40000e-06	3.00000e-06	-1.72177e-09	-9.26618e-06	3.11303e-06	2.41376e-11	-2.41376e-11	7.93931e-07	0	5.32307e-19	1.69114e-06	1.76933e-06	0
force-save-2023.07.02-16.30.03.316.jpk-force	79	-5.40000e-06	3.00000e-06	-1.71803e-09	-1.35573e-05	3.05197e-06	3.04817e-11	-3.04817e-11	1.86657e-06	0	2.87568e-18	1.64169e-06	1.87823e-06	0
force-save-2023.07.02-16.30.09.612.jpk-force	79	-5.40000e-06	3.00000e-06	-1.72363e-09	-1.89899e-05	2.75225e-06	2.56118e-11	-2.56118e-11	2.98072e-07	1	7.32948e-19	3.04009e-07	3.83652e-07	0
force-save-2023.07.02-16.30.12.834.jpk-force	80	-5.40000e-06	4.20000e-06	-1.79704e-09	-9.72341e-06	2.53941e-06	2.70469e-11	-2.70469e-11	2.04633e-06	0	1.05567e-18	1.99833e-06	2.11270e-06	0
force-save-2023.07.02-16.30.22.281.jpk-force	80	-5.40000e-06	4.20000e-06	-1.80719e-09	-1.22045e-05	2.41253e-06	2.35966e-11	-2.35966e-11	1.91836e-06	0	7.84559e-19	2.24031e-06	2.32822e-06	0
force-save-2023.07.02-16.30.28.520.jpk-force	80	-5.40000e-06	4.20000e-06	-1.82308e-09	-1.12347e-05	2.04109e-06	2.93851e-10	-2.93851e-10	3.24464e-07	0	4.56595e-17	1.50935e-08	3.33737e-07	2
force-save-2023.07.02-16.30.34.743.jpk-force	80	-5.40000e-06	4.20000e-06	-1.84771e-09	-1.08194e-05	2.25153e-06	2.55115e-11	-2.55115e-11	1.37766e-06	0	6.44279e-19	2.34657e-06	2.44643e-06	0
force-save-2023.07.02-16.30.40.969.jpk-force	80	-5.40000e-06	4.20000e-06	-1.86990e-09	-2.32901e-05	2.09086e-06	2.19794e-10	-2.19794e-10	2.21009e-07	1	1.99850e-17	1.80558e-08	2.27489e-07	1
force-save-2023.07.02-16.30.44.185.jpk-force	81	-4.20000e-06	4.20000e-06	-1.77105e-09	-1.57045e-05	1.97418e-06	3.76915e-11	-3.76915e-11	6.33648e-07	0	2.83134e-18	5.79834e-07	7.62323e-07	0
force-save-2023.07.02-16.30.53.574.jpk-force	81	-4.20000e-06	4.20000e-06	-1.85187e-09	-2.11498e-05	2.10930e-06	3.46734e-11	-3.46734e-11	5.16272e-07	0	1.42596e-18	4.31235e-07	5.41679e-07	0
force-save-2023.07.02-16.30.59.726.jpk-force	81	-4.20000e-06	4.20000e-06	-1.89832e-09	-1.61712e-05	2.12784e-06	2.75624e-11	-2.75624e-11	2.31858e-06	0	1.01751e-18	2.23644e-06	2.34961e-06	0
force-save-2023.07.02-16.31.05.923.jpk-force	81	-4.20000e-06	4.20000e-06	-1.94861e-09	-9.99931e-06	2.23603e-06	3.78610e-11	-3.78610e-11	7.73794e-07	0	2.96891e-18	6.83126e-07	8.75606e-07	0
force-save-2023.07.02-16.31.12.109.jpk-force	81	-4.20000e-06	4.20000e-06	-1.95172e-09	-1.42087e-05	2.19986e-06	9.49272e-11	-9.49272e-11	4.32426e-07	0	1.43141e-17	5.44570e-08	4.83202e-07	1
force-save-2023.07.02-16.31.15.328.jpk-force	82	-3.00000e-06	4.20000e-06	-1.97234e-09	-1.58518e-05	1.96059e-06	5.31826e-11	-5.31826e-11	7.65551e-07	0	5.97131e-18	6.56656e-07	8.62039e-07	1
force-save-2023.07.02-16.31.24.714.jpk-force	82	-3.00000e-06	4.20000e-06	-1.98686e-09	-1.68000e-05	1.91432e-06	3.00578e-11	-3.00578e-11	2.74926e-06	0	1.70338e-18	2.61995e-06	2.79620e-06	0
force-save-2023.07.02-16.31.30.902.jpk-force	82	-3.00000e-06	4.20000e-06	-2.02511e-09	-1.22751e-05	1.96503e-06	3.20348e-11	-3.20348e-11	1.34094e-06	0	1.51507e-18	1.23910e-06	1.38926e-06	0
force-save-2023.07.02-16.31.37.127.jpk-force	82	-3.00000e-06	4.20000e-06	-2.00798e-09	-2.55304e-05	1.56817e-06	4.25255e-11	-4.25255e-11	-8.66642e-10	1	2.10685e-18	5.04017e-07	6.16030e-07	0
force-save-2023.07.02-16.31.43.304.jpk-force	82	-3.00000e-06	4.20000e-06	-2.12527e-09	-1.36856e-05	1.94997e-06	3.08188e-11	-3.08188e-11	7.90084e-08	1	1.26364e-18	9.84825e-07	1.11288e-06	0
force-save-2023.07.02-16.31.55.848.jpk-force	83	-1.80000e-06	4.20000e-06	-2.09418e-09	-1.84667e-05	1.98302e-06	3.10771e-11	-3.10771e-11	7.34969e-07	0	6.39346e-19	1.73067e-06	1.82581e-06	0
force-save-2023.07.02-16.32.01.909.jpk-force	83	-1.80000e-06	4.20000e-06	-2.11354e-09	-1.38246e-05	2.04038e-06	3.01679e-11	-3.01679e-11	2.84086e-06	0	2.37884e-18	2.71028e-06	2.91422e-06	0
force-save-2023.07.02-16.32.07.978.jpk-force	83	-1.80000e-06	4.20000e-06	-2.12668e-09	-1.34489e-05	2.41479e-06	3.18116e-11	-3.18116e-11	1.14286e-06	0	1.55192e-18	7.44102e-07	8.73816e-07	0
force-save-2023.07.02-16.32.14.076.jpk-force	83	-1.80000e-06	4.20000e-06	-2.15007e-09	-1.45892e-05	2.61591e-06	3.30868e-11	-3.30868e-11	7.19132e-07	0	1.23221e-18	7.02256e-07	8.14006e-07	0
force-save-2023.07.02-16.32.17.298.jpk-force	84	-6.00000e-07	4.20000e-06	-2.14891e-09	-1.90100e-05	1.84315e-06	1.74116e-10	-1.74116e-10	6.33413e-07	0	5.15292e-17	2.80463e-07	8.00006e-07	2
force-save-2023.07.02-16.32.26.546.jpk-force	84	-6.00000e-07	4.20000e-06	-2.17690e-09	-1.85526e-05	2.21099e-06	3.44531e-11	-3.44531e-11	1.65601e-06	0	2.31813e-18	1.21975e-06	1.38669e-06	0
force-save-2023.07.02-16.32.32.701.jpk-force	84	-6.00000e-07	4.20000e-06	-2.20399e-09	-1.66567e-05	2.14191e-06	4.60256e-11	-4.60256e-11	5.50929e-07	0	2.01909e-18	4.65174e-07	5.61506e-07	0
force-save-2023.07.02-16.32.38.854.jpk-force	84	-6.00000e-07	4.20000e-06	-2.24775e-09	-1.21023e-05	2.40632e-06	1.07963e-10	-1.07963e-10	6.13722e-07	0	2.19857e-17	1.07190e-07	6.19311e-07	1
force-save-2023.07.02-16.32.44.997.jpk-force	84	-6.00000e-07	4.20000e-06	-2.26230e-09	-1.36053e-05	2.42620e-06	2.45315e-11	-2.45315e-11	1.06055e-06	0	7.90801e-19	2.83450e-06	2.92539e-06	0
force-save-2023.07.02-16.32.48.221.jpk-force	85	6.00000e-07	4.20000e-06	-2.24732e-09	-2.35687e-05	2.03956e-06	3.24083e-11	-3.24083e-11	5.83764e-07	0	1.29105e-18	5.13215e-07	6.08551e-07	0
force-save-2023.07.02-16.32.57.593.jpk-force	85	6.00000e-07	4.20000e-06	-2.34175e-09	-6.97527e-06	2.12807e-06	3.30318e-11	-3.30318e-11	2.67957e-06	0	3.42241e-18	2.54121e-06	2.79441e-06	0
force-save-2023.07.02-16.34.09.984.jpk-force	85	6.00000e-07	4.20000e-06	5.79715e-09	-8.09233e-06	6.98397e-06	4.18024e-11	-4.18024e-11	2.21965e-07	1	1.34851e-18	4.57588e-07	5.41334e-07	0
force-save-2023.07.02-16.34.21.893.jpk-force	85	6.00000e-07	4.20000e-06	5.74209e-09	-4.93677e-06	6.97398e-06	3.50977e-11	-3.50977e-11	3.23708e-07	0	4.75956e-19	2.66269e-06	2.71030e-06	0
force-save-2023.07.02-16.34.28.159.jpk-force	85	6.00000e-07	4.20000e-06	5.75550e-09	-8.44734e-06	6.82521e-06	4.95267e-11	-4.95267e-11	2.17360e-07	1	1.59117e-18	1.38986e-07	2.41658e-07	0
force-save-2023.07.02-16.34.34.763.jpk-force	85	6.00000e-07	4.20000e-06	5.73850e-09	-8.49653e-06	6.21170e-06	4.27590e-11	-4.27590e-11	3.70452e-07	0	1.53162e-18	3.23419e-07	4.12257e-07	0
force-save-2023.07.02-16.34.41.138.jpk-force	85	6.00000e-07	4.20000e-06	5.72713e-09	-9.68046e-06	5.92883e-06	4.03094e-11	-4.03094e-11	1.39144e-07	1	3.25761e-19	1.49155e-07	1.75752e-07	0
force-save-2023.07.02-16.34.44.386.jpk-force	86	1.80000e-06	4.20000e-06	5.71123e-09	-9.65465e-06	5.27428e-06	3.86247e-11	-3.86247e-11	1.20286e-06	0	4.93498e-19	2.60519e-07	2.96971e-07	0
force-save-2023.07.02-16.34.54.112.jpk-force	86	1.80000e-06	4.20000e-06	5.67092e-09	-4.99128e-06	5.05638e-06	3.48533e-11	-3.48533e-11	7.32133e-07	0	2.33924e-19	2.75389e-06	2.78650e-06	0
force-save-2023.07.02-16.35.00.440.jpk-force	86	1.80000e-06	4.20000e-06	5.62909e-09	-5.77416e-06	4.84399e-06	3.46108e-11	-3.46108e-11	1.19020e-06	0	9.61398e-19	2.19962e-06	2.29531e-06	0
force-save-2023.07.02-16.35.44.426.jpk-force	87	3.00000e-06	4.20000e-06	5.53933e-09	-1.06409e-05	7.69681e-06	3.09747e-11	-3.09747e-11	4.38749e-08	1	6.67027e-19	1.79856e-06	1.86065e-06	0
force-save-2023.07.02-16.35.56.064.jpk-force	87	3.00000e-06	4.20000e-06	5.52206e-09	-1.16539e-05	7.77329e-06	2.41352e-11	-2.41352e-11	6.73089e-07	0	4.37169e-19	2.49004e-06	2.54081e-06	0
force-save-2023.07.02-16.36.02.347.jpk-force	87	3.00000e-06	4.20000e-06	5.54447e-09	-1.39668e-05	7.41065e-06	3.12960e-11	-3.12960e-11	1.33196e-06	0	8.05585e-19	1.27439e-06	1.34547e-06	0
force-save-2023.07.02-16.36.08.615.jpk-force	87	3.00000e-06	4.20000e-06	5.50036e-09	-1.20697e-05	7.26484e-06	2.66369e-11	-2.66369e-11	4.35796e-07	0	6.87292e-19	2.30845e-06	2.37995e-06	0
force-save-2023.07.02-16.36.18.080.jpk-force	88	4.20000e-06	4.20000e-06	5.41684e-09	-6.96169e-06	7.07722e-06	1.17155e-10	-1.17155e-10	1.39412e-06	0	2.70699e-17	8.39102e-07	1.41004e-06	1
force-save-2023.07.02-16.36.33.686.jpk-force	88	4.20000e-06	4.20000e-06	5.50100e-09	-1.53449e-05	6.92371e-06	2.50208e-10	-2.50208e-10	1.16230e-07	1	1.48805e-17	7.47327e-09	1.27675e-07	1
force-save-2023.07.02-16.36.39.876.jpk-force	88	4.20000e-06	4.20000e-06	5.46668e-09	-1.71648e-05	7.16621e-06	3.02760e-11	-3.02760e-11	1.01678e-06	0	1.15249e-18	7.54865e-07	8.70544e-07	0
force-save-2023.07.02-16.36.46.046.jpk-force	88	4.20000e-06	4.20000e-06	5.38076e-09	-1.14267e-05	7.07141e-06	2.21035e-11	-2.21035e-11	5.59790e-07	0	1.18343e-19	2.19951e-06	2.22218e-06	0
force-save-2023.07.02-16.36.49.288.jpk-force	89	5.40000e-06	4.20000e-06	5.41579e-09	-1.72607e-05	6.58831e-06	3.44823e-11	-3.44823e-11	5.12752e-07	0	1.58949e-18	4.29244e-07	5.61614e-07	0
force-save-2023.07.02-16.36.58.798.jpk-force	89	5.40000e-06	4.20000e-06	5.34067e-09	-1.13254e-05	6.63460e-06	2.50091e-11	-2.50091e-11	8.42354e-07	0	2.31180e-19	1.71835e-06	1.75072e-06	0
force-save-2023.07.02-16.37.05.046.jpk-force	89	5.40000e-06	4.20000e-06	5.34566e-09	-1.62760e-05	6.54644e-06	3.71497e-11	-3.71497e-11	4.49133e-07	0	2.36804e-18	3.12529e-07	4.66861e-07	0
force-save-2023.07.02-16.37.11.242.jpk-force	89	5.40000e-06	4.20000e-06	5.32388e-09	-1.06098e-05	6.40079e-06	3.55109e-11	-3.55109e-11	7.32117e-07	0	1.01609e-18	2.81839e-07	3.73445e-07	0
force-save-2023.07.02-16.37.17.518.jpk-force	89	5.40000e-06	4.20000e-06	5.35163e-09	-2.36962e-05	6.49307e-06	5.27961e-11	-5.27961e-11	1.12365e-06	0	3.02780e-18	1.00022e-06	1.13745e-06	1
force-save-2023.07.02-16.37.20.735.jpk-force	90	5.40000e-06	5.40000e-06	5.12420e-09	-4.82872e-06	7.63071e-06	3.20072e-11	-3.20072e-11	1.87617e-06	0	2.27280e-18	1.76243e-06	1.91582e-06	0
force-save-2023.07.02-16.37.29.437.jpk-force	90	5.40000e-06	5.40000e-06	5.15516e-09	-3.92848e-06	7.52576e-06	2.38707e-11	-2.38707e-11	1.56489e-06	0	2.69616e-19	1.43910e-06	1.47670e-06	0
force-save-2023.07.02-16.37.35.687.jpk-force	90	5.40000e-06	5.40000e-06	5.24833e-09	-1.30943e-05	7.30880e-06	3.01287e-11	-3.01287e-11	3.55785e-07	0	9.54408e-19	1.05306e-06	1.15437e-06	0
force-save-2023.07.02-16.37.41.931.jpk-force	90	5.40000e-06	5.40000e-06	5.23361e-09	-1.34152e-05	7.40684e-06	2.71988e-11	-2.71988e-11	5.21978e-07	0	5.56041e-19	2.74887e-06	2.83155e-06	0
force-save-2023.07.02-16.37.48.163.jpk-force	90	5.40000e-06	5.40000e-06	5.18752e-09	-1.14023e-05	7.33093e-06	3.93539e-11	-3.93539e-11	6.06907e-07	0	1.26258e-18	5.63765e-07	6.33012e-07	1
force-save-2023.07.02-16.37.51.384.jpk-force	91	4.20000e-06	5.40000e-06	5.17962e-09	-1.34409e-05	7.30472e-06	3.51639e-11	-3.51639e-11	1.36061e-06	0	1.91163e-18	1.29304e-06	1.40568e-06	1
force-save-2023.07.02-16.38.00.527.jpk-force	91	4.20000e-06	5.40000e-06	5.18183e-09	-1.50118e-05	7.20741e-06	3.19997e-11	-3.19997e-11	8.51891e-07	0	1.73354e-18	8.46199e-07	1.01200e-06	0
force-save-2023.07.02-16.38.06.767.jpk-force	91	4.20000e-06	5.40000e-06	5.05896e-09	-4.66734e-06	7.23778e-06	3.03360e-11	-3.03360e-11	1.83120e-06	0	1.66367e-18	3.04268e-06	3.22372e-06	0
force-save-2023.07.02-16.38.13.010.jpk-force	91	4.20000e-06	5.40000e-06	4.90909e-09	1.79868e-05	7.49029e-06	2.45342e-11	-2.45342e-11	2.05720e-06	0	4.77092e-19	2.10924e-06	2.17572e-06	0
force-save-2023.07.02-16.38.19.268.jpk-force	91	4.20000e-06	5.40000e-06	5.21554e-09	-2.09511e-05	7.18038e-06	3.16427e-11	-3.16427e-11	7.37060e-07	0	1.48174e-18	6.56184e-07	7.65307e-07	0
force-save-2023.07.02-16.38.22.485.jpk-force	92	3.00000e-06	5.40000e-06	5.06649e-09	-1.02950e-05	7.64085e-06	2.29119e-11	-2.29119e-11	4.47529e-07	0	2.67691e-19	3.12694e-06	3.16751e-06	0
force-save-2023.07.02-16.38.31.552.jpk-force	92	3.00000e-06	5.40000e-06	5.08933e-09	-1.57262e-05	7.39446e-06	2.76758e-11	-2.76758e-11	9.76464e-07	0	1.29904e-18	6.05792e-07	7.53707e-07	0
force-save-2023.07.02-16.38.37.834.jpk-force	92	3.00000e-06	5.40000e-06	5.05299e-09	-1.27737e-05	7.46526e-06	2.62868e-11	-2.62868e-11	1.53326e-06	0	1.13835e-18	2.67186e-06	2.81485e-06	0
force-save-2023.07.02-16.38.44.141.jpk-force	92	3.00000e-06	5.40000e-06	5.05605e-09	-1.56479e-05	7.30537e-06	2.73007e-11	-2.73007e-11	3.78801e-07	0	2.46190e-19	3.65840e-07	4.00057e-07	0
force-save-2023.07.02-16.38.53.762.jpk-force	93	1.80000e-06	5.40000e-06	5.01045e-09	-1.41008e-05	7.34591e-06	2.41067e-11	-2.41067e-11	9.44229e-07	0	1.01567e-18	2.02678e-06	2.13243e-06	0
force-save-2023.07.02-16.39.02.706.jpk-force	93	1.80000e-06	5.40000e-06	4.96200e-09	-1.06970e-05	7.50696e-06	2.62153e-11	-2.62153e-11	1.56239e-06	0	9.00705e-19	2.86048e-06	2.95790e-06	0
force-save-2023.07.02-16.39.08.938.jpk-force	93	1.80000e-06	5.40000e-06	4.96004e-09	-1.26882e-05	7.47613e-06	3.00392e-11	-3.00392e-11	1.00915e-06	0	1.61393e-18	9.38151e-07	1.07085e-06	0
force-save-2023.07.02-16.39.15.235.jpk-force	93	1.80000e-06	5.40000e-06	4.98800e-09	-1.65213e-05	7.29069e-06	2.07196e-11	-2.07196e-11	2.25636e-06	0	2.78778e-19	2.28377e-06	2.32927e-06	0
force-save-2023.07.02-16.39.21.612.jpk-force	93	1.80000e-06	5.40000e-06	4.90989e-09	-1.13951e-05	7.02911e-06	1.88561e-11	-1.88561e-11	3.21587e-07	0	5.03293e-19	2.86274e-06	2.94071e-06	0
force-save-2023.07.02-16.39.40.682.jpk-force	94	6.00000e-07	5.40000e-06	4.91210e-09	-1.79740e-05	6.45072e-06	3.16131e-11	-3.16131e-11	3.39787e-07	0	1.01594e-18	2.75809e-07	3.77098e-07	0
force-save-2023.07.02-16.39.46.573.jpk-force	94	6.00000e-07	5.40000e-06	4.87885e-09	-1.57827e-05	6.65169e-06	3.19570e-11	-3.19570e-11	5.89161e-07	0	2.15081e-18	2.07533e-07	3.70699e-07	0
force-save-2023.07.02-16.39.52.622.jpk-force	94	6.00000e-07	5.40000e-06	4.81719e-09	-1.26675e-05	7.05679e-06	2.30380e-11	-2.30380e-11	1.86369e-06	0	4.12167e-19	1.84493e-06	1.90052e-06	0
force-save-2023.07.02-16.39.55.866.jpk-force	95	-6.00000e-07	5.40000e-06	4.75900e-09	-1.08433e-05	7.67418e-06	2.07080e-11	-2.07080e-11	2.80826e-06	0	5.46545e-19	3.27327e-06	3.35730e-06	0
force-save-2023.07.02-16.40.04.494.jpk-force	95	-6.00000e-07	5.40000e-06	4.75928e-09	-1.11112e-05	7.83244e-06	1.88891e-11	-1.88891e-11	6.27867e-07	0	2.20112e-19	3.17644e-06	3.21532e-06	0
force-save-2023.07.02-16.40.10.500.jpk-force	95	-6.00000e-07	5.40000e-06	4.81403e-09	-1.66175e-05	8.17982e-06	2.46860e-11	-2.46860e-11	1.87357e-06	0	7.27735e-19	1.41847e-06	1.52481e-06	0
force-save-2023.07.02-16.40.16.548.jpk-force	95	-6.00000e-07	5.40000e-06	4.77797e-09	-1.55171e-05	8.40780e-06	2.59601e-11	-2.59601e-11	3.24780e-07	0	1.45925e-18	2.92290e-07	4.29477e-07	0
force-save-2023.07.02-16.40.22.586.jpk-force	95	-6.00000e-07	5.40000e-06	4.70239e-09	-1.15319e-05	8.88733e-06	2.25648e-11	-2.25648e-11	3.03973e-06	0	3.20072e-19	3.04351e-06	3.09225e-06	0
force-save-2023.07.02-16.40.25.801.jpk-force	96	-1.80000e-06	5.40000e-06	4.71181e-09	-1.19965e-05	8.84102e-06	2.87289e-11	-2.87289e-11	7.21843e-07	0	1.89007e-18	1.33393e-06	1.51921e-06	0
force-save-2023.07.02-16.40.51.813.jpk-force	96	-1.80000e-06	5.40000e-06	4.67832e-09	-1.50760e-05	1.21281e-05	2.59554e-11	-2.59554e-11	9.00527e-07	0	8.52438e-19	6.17643e-07	7.13017e-07	0
force-save-2023.07.02-16.40.55.032.jpk-force	97	-3.00000e-06	5.40000e-06	4.52885e-09	-5.70396e-06	1.27972e-05	2.05310e-11	-2.05310e-11	1.75775e-06	0	2.93923e-19	2.81235e-06	2.86143e-06	0
force-save-2023.07.02-16.41.08.369.jpk-force	97	-3.00000e-06	5.40000e-06	4.59281e-09	-1.26472e-05	1.36240e-05	2.29339e-11	-2.29339e-11	5.44521e-07	0	9.03718e-20	8.66528e-07	8.80847e-07	0
force-save-2023.07.02-16.41.13.515.jpk-force	97	-3.00000e-06	5.40000e-06	4.72253e-09	-2.29260e-05	1.36742e-05	3.51466e-11	-3.51466e-11	3.00952e-07	0	1.16436e-18	2.44637e-07	3.13103e-07	0
force-save-2023.07.02-16.41.18.480.jpk-force	97	-3.00000e-06	5.40000e-06	4.62413e-09	-1.73069e-05	1.39773e-05	3.40059e-11	-3.40059e-11	4.99209e-07	0	6.30273e-19	4.65343e-07	5.13510e-07	0
force-save-2023.07.02-16.41.21.699.jpk-force	98	-4.20000e-06	5.40000e-06	4.58696e-09	-1.49224e-05	1.43598e-05	2.95741e-11	-2.95741e-11	8.45314e-07	0	4.38824e-19	8.27186e-07	8.74548e-07	0
force-save-2023.07.02-16.41.31.963.jpk-force	98	-4.20000e-06	5.40000e-06	4.79628e-09	-2.93280e-05	1.48013e-05	2.60803e-11	-2.60803e-11	5.24201e-07	0	1.04728e-19	6.54508e-07	6.69484e-07	0
force-save-2023.07.02-16.43.35.933.jpk-force	99	-5.40000e-06	5.40000e-06	4.18046e-09	-1.49306e-05	6.93716e-06	3.11093e-11	-3.11093e-11	3.69231e-07	0	5.70789e-19	1.00123e-06	1.06284e-06	0
force-save-2023.07.02-16.43.48.763.jpk-force	99	-5.40000e-06	5.40000e-06	4.05163e-09	-5.93199e-06	5.92121e-06	2.79451e-11	-2.79451e-11	1.02804e-06	0	2.87873e-19	2.95903e-06	3.00244e-06	0
force-save-2023.07.02-16.43.55.070.jpk-force	99	-5.40000e-06	5.40000e-06	4.02450e-09	-3.41534e-06	5.17446e-06	3.24797e-11	-3.24797e-11	9.52917e-07	0	7.97489e-19	2.18032e-06	2.25003e-06	0
force-save-2023.07.02-16.44.01.458.jpk-force	99	-5.40000e-06	5.40000e-06	4.07722e-09	-1.03075e-05	4.90558e-06	3.75918e-11	-3.75918e-11	1.03775e-07	1	4.37045e-19	3.79690e-07	4.15956e-07	0
